Bestaan tot;Eindjaar;Oude;Nieuwe;Huidige code;Huidige naam
1-1-1905;1905;GM1134;GM0489;GM0489;Barendrecht
1-8-1908;1908;GM1255;GM1060;GM0738;Aalburg
1-8-1908;1908;GM1263;GM1049;GM0738;Aalburg
1-8-1908;1908;GM1264;GM1111;GM0738;Aalburg
1-8-1908;1908;GM1265;GM0769;GM0870;Werkendam
1-1-1914;1914;GM1009;GM0141;GM0141;Almelo
1-1-1914;1914;GM1189;GM0141;GM0141;Almelo
1-1-1918;1918;GM1002;GM0484;GM0484;Alphen aan den Rijn
1-1-1918;1918;GM1008;GM0484;GM0484;Alphen aan den Rijn
1-1-1918;1918;GM1147;GM0484;GM0484;Alphen aan den Rijn
1-1-1920;1920;GM1010;GM0222;GM0222;Doetinchem
1-1-1920;1920;GM1061;GM0772;GM0772;Eindhoven
1-1-1920;1920;GM1141;GM0935;GM0935;Maastricht
1-1-1920;1920;GM1180;GM0935;GM0935;Maastricht
1-1-1920;1920;GM1190;GM0222;GM0222;Doetinchem
1-1-1920;1920;GM1199;GM0772;GM0772;Eindhoven
1-1-1920;1920;GM1201;GM0772;GM0772;Eindhoven
1-1-1920;1920;GM1203;GM0772;GM0772;Eindhoven
1-1-1920;1920;GM1228;GM0772;GM0772;Eindhoven
1-1-1921;1921;GM1034;GM0363;GM0363;Amsterdam
1-1-1921;1921;GM1082;GM0503;GM0503;Delft
1-1-1921;1921;GM1120;GM0363;GM0363;Amsterdam
1-1-1921;1921;GM1157;GM0363;GM0363;Amsterdam
1-1-1921;1921;GM1181;GM0363;GM0363;Amsterdam
1-1-1921;1921;GM1215;GM0503;GM0503;Delft
1-1-1921;1921;GM1219;GM0363;GM0363;Amsterdam
1-5-1921;1921;GM1132;GM0861;GM0861;Veldhoven
1-5-1921;1921;GM1206;GM0861;GM0861;Veldhoven
1-5-1921;1921;GM1233;GM0861;GM0861;Veldhoven
1-5-1921;1921;GM1235;GM0781;GM1771;Geldrop-Mierlo
1-1-1922;1922;GM1015;GM0867;GM0867;Waalwijk
1-1-1922;1922;GM1020;GM0867;GM0867;Waalwijk
1-1-1922;1922;GM1023;GM0774;GM0796;'s-Hertogenbosch
1-1-1923;1923;GM1001;GM0866;GM0866;Waalre
1-1-1923;1923;GM1036;GM0849;GM0867;Waalwijk
1-1-1923;1923;GM1051;GM0770;GM0770;Eersel
1-1-1923;1923;GM1187;GM0849;GM0867;Waalwijk
1-1-1923;1923;GM1216;GM0849;GM0867;Waalwijk
1-5-1923;1923;GM1012;GM0175;GM0175;Ommen
1-5-1923;1923;GM1016;GM0271;GM0252;Heumen
1-5-1923;1923;GM1042;GM0835;GM0828;Oss
1-5-1923;1923;GM1043;GM0835;GM0828;Oss
1-5-1923;1923;GM1046;GM0274;GM0274;Renkum
1-5-1923;1923;GM1049;GM0771;GM0738;Aalburg
1-5-1923;1923;GM1060;GM0771;GM0738;Aalburg
1-5-1923;1923;GM1088;GM0835;GM0828;Oss
1-5-1923;1923;GM1111;GM0771;GM0738;Aalburg
1-5-1923;1923;GM1192;GM0175;GM0175;Ommen
1-5-1923;1923;GM1231;GM0227;GM1740;Neder-Betuwe
1-7-1923;1923;GM1107;GM0518;GM0518;'s-Gravenhage
1-1-1925;1925;GM1183;GM0811;GM1706;Cranendonck
1-1-1926;1926;GM1041;GM0762;GM0762;Deurne
1-1-1926;1926;GM1212;GM0762;GM0762;Deurne
1-5-1927;1927;GM1173;GM0392;GM0392;Haarlem
1-5-1927;1927;GM1185;GM0392;GM0392;Haarlem
1-5-1929;1929;GM1153;GM0476;GM0441;Schagen
1-5-1931;1931;GM1048;GM0316;GM1581;Utrechtse Heuvelrug
1-5-1931;1931;GM1166;GM0316;GM1581;Utrechtse Heuvelrug
1-1-1933;1933;GM0277;GM0277;GM0277;Rozendaal (Gelderland)
1-1-1933;1933;GM1039;GM0865;GM0865;Vught
1-5-1934;1934;GM1026;GM0858;GM0858;Valkenswaard
1-5-1934;1934;GM1045;GM0858;GM0858;Valkenswaard
1-5-1934;1934;GM1085;GM0599;GM0599;Rotterdam
1-5-1934;1934;GM1106;GM0153;GM0153;Enschede
1-5-1934;1934;GM1152;GM0599;GM0599;Rotterdam
1-7-1934;1934;GM1006;GM0074;GM0074;Heerenveen
1-7-1934;1934;GM1174;GM0074;GM0074;Heerenveen
1-5-1935;1935;GM1071;GM0797;GM0797;Heusden
1-5-1935;1935;GM1080;GM0797;GM0797;Heusden
1-5-1935;1935;GM1102;GM0847;GM0847;Someren
1-5-1935;1935;GM1123;GM0864;GM0797;Heusden
1-5-1935;1935;GM1145;GM0767;GM0797;Heusden
1-5-1935;1935;GM1234;GM0637;GM0637;Zoetermeer
1-5-1936;1936;GM1229;GM0375;GM0375;Beverwijk
1-7-1936;1936;GM1027;GM0719;GM0677;Hulst
1-7-1936;1936;GM1077;GM0719;GM0677;Hulst
1-7-1936;1936;GM1138;GM0719;GM0677;Hulst
1-7-1936;1936;GM1198;GM0719;GM0677;Hulst
1-1-1937;1937;GM1065;GM0191;GM0166;Kampen
1-1-1937;1937;GM1092;GM0191;GM0166;Kampen
1-1-1937;1937;GM1227;GM0191;GM0166;Kampen
1-1-1937;1937;GM1232;GM0191;GM0166;Kampen
1-1-1938;1938;GM0540;GM0540;GM1945;Berg en Dal
1-1-1938;1938;GM1197;GM0548;GM1916;Leidschendam-Voorburg
1-1-1938;1938;GM1209;GM0548;GM1916;Leidschendam-Voorburg
1-1-1939;1939;GM1104;GM0808;GM0828;Oss
1-1-1939;1939;GM1150;GM0808;GM0828;Oss
4-6-1940;1940;GM0715;GM0715;GM0715;Terneuzen
1-10-1940;1940;GM1086;GM1252;GM0994;Valkenburg aan de Geul
1-10-1940;1940;GM1140;GM1252;GM0994;Valkenburg aan de Geul
1-10-1940;1940;GM1171;GM1252;GM0994;Valkenburg aan de Geul
1-1-1941;1941;GM1172;GM0678;GM0678;Kapelle
1-4-1941;1941;GM1038;GM0682;GM1695;Noord-Beveland
1-4-1941;1941;GM1052;GM0648;GM1714;Sluis
1-4-1941;1941;GM1079;GM0835;GM0828;Oss
1-4-1941;1941;GM1094;GM0682;GM1695;Noord-Beveland
1-4-1941;1941;GM1178;GM0648;GM1714;Sluis
1-5-1941;1941;GM1003;GM0305;GM0736;De Ronde Venen
1-5-1941;1941;GM1004;GM0305;GM0736;De Ronde Venen
1-5-1941;1941;GM1011;GM0160;GM0160;Hardenberg
1-5-1941;1941;GM1191;GM0160;GM0160;Hardenberg
1-7-1941;1941;GM0463;GM0463;GM1911;Hollands Kroon
15-7-1941;1941;GM1252;GM0982;GM0994;Valkenburg aan de Geul
1-8-1941;1941;GM1031;GM0416;GM0416;Langedijk
1-8-1941;1941;GM1081;GM0599;GM0599;Rotterdam
1-8-1941;1941;GM1096;GM0606;GM0606;Schiedam
1-8-1941;1941;GM1124;GM0416;GM0416;Langedijk
1-8-1941;1941;GM1146;GM0416;GM0416;Langedijk
1-8-1941;1941;GM1149;GM0599;GM0599;Rotterdam
1-8-1941;1941;GM1170;GM0599;GM0599;Rotterdam
1-8-1941;1941;GM1210;GM0622;GM0622;Vlaardingen
1-8-1941;1941;GM1230;GM0599;GM0599;Rotterdam
1-8-1941;1941;GM1238;GM0416;GM0416;Langedijk
1-1-1942;1942;GM1064;GM0758;GM0758;Breda
1-1-1942;1942;GM1156;GM0758;GM0758;Breda
1-2-1942;1942;GM1013;GM0185;GM1700;Twenterand
1-2-1942;1942;GM1193;GM0185;GM1700;Twenterand
1-5-1942;1942;GM1021;GM0756;GM0756;Boxmeer
1-5-1942;1942;GM1100;GM0324;GM1904;Stichtse Vecht
1-5-1942;1942;GM1109;GM0863;GM0756;Boxmeer
1-5-1942;1942;GM1167;GM0756;GM0756;Boxmeer
1-7-1942;1942;GM1057;GM0786;GM0786;Grave
1-7-1942;1942;GM1090;GM0925;GM1640;Leudal
1-7-1942;1942;GM1116;GM0925;GM1640;Leudal
1-7-1942;1942;GM1158;GM0843;GM1685;Landerd
1-7-1942;1942;GM1208;GM0786;GM0786;Grave
1-8-1942;1942;GM1059;GM0747;GM1684;Cuijk
1-8-1942;1942;GM1103;GM0747;GM1684;Cuijk
1-10-1942;1942;GM1032;GM0968;GM1883;Sittard-Geleen
1-10-1942;1942;GM1033;GM0914;GM1640;Leudal
1-10-1942;1942;GM1130;GM0914;GM1640;Leudal
1-1-1943;1943;GM1091;GM0331;GM0331;Lopik
1-1-1943;1943;GM1114;GM0905;GM1903;Eijsden-Margraten
1-1-1943;1943;GM1165;GM0911;GM1903;Eijsden-Margraten
1-1-1943;1943;GM1226;GM0331;GM0331;Lopik
1-8-1944;1944;GM1248;GM0263;GM0263;Maasdriel
1-1-1949;1949;GM1028;GM0311;GM1904;Stichtse Vecht
1-1-1949;1949;GM1029;GM0311;GM1904;Stichtse Vecht
1-4-1949;1949;GM1083;GM0018;GM0018;Hoogezand-Sappemeer
1-4-1949;1949;GM1168;GM0018;GM0018;Hoogezand-Sappemeer
1-7-1949;1949;GM1108;GM0333;GM1904;Stichtse Vecht
1-10-1950;1950;GM1222;GM0870;GM0870;Werkendam
1-1-1951;1951;GM1247;GM0832;GM0758;Breda
1-1-1954;1954;GM1005;GM1224;GM0310;De Bilt
1-1-1954;1954;GM1069;GM0347;GM0344;Utrecht
1-1-1954;1954;GM1144;GM0344;GM0344;Utrecht
1-1-1954;1954;GM1207;GM0347;GM0344;Utrecht
1-1-1954;1954;GM1211;GM0347;GM0344;Utrecht
1-1-1954;1954;GM1242;GM0344;GM0344;Utrecht
1-7-1954;1954;GM1259;GM0265;GM1945;Berg en Dal
1-7-1955;1955;GM1058;GM0257;GM0297;Zaltbommel
1-7-1955;1955;GM1076;GM0283;GM1734;Overbetuwe
1-7-1955;1955;GM1089;GM0276;GM0263;Maasdriel
1-7-1955;1955;GM1115;GM0257;GM0297;Zaltbommel
1-7-1955;1955;GM1155;GM0212;GM0297;Zaltbommel
1-7-1955;1955;GM1243;GM0212;GM0297;Zaltbommel
1-1-1956;1956;GM1260;GM0075;GM1900;Súdwest-Fryslân
1-7-1956;1956;GM1218;GM0281;GM0281;Tiel
1-1-1957;1957;GM1062;GM0510;GM0689;Giessenlanden
1-1-1957;1957;GM1063;GM0523;GM0523;Hardinxveld-Giessendam
1-1-1957;1957;GM1070;GM0523;GM0523;Hardinxveld-Giessendam
1-1-1957;1957;GM1154;GM0510;GM0689;Giessenlanden
1-7-1957;1957;GM1202;GM0333;GM1904;Stichtse Vecht
1-7-1957;1957;GM1224;GM0334;GM0310;De Bilt
1-1-1958;1958;GM1007;GM0808;GM0828;Oss
1-7-1959;1959;GM1186;GM0432;GM0432;Opmeer
1-8-1959;1959;GM1110;GM0957;GM0957;Roermond
1-1-1960;1960;GM1118;GM0530;GM0530;Hellevoetsluis
1-1-1960;1960;GM1121;GM0530;GM0530;Hellevoetsluis
1-1-1961;1961;GM1035;GM0725;GM1676;Schouwen-Duiveland
1-1-1961;1961;GM1047;GM0656;GM1676;Schouwen-Duiveland
1-1-1961;1961;GM1050;GM0688;GM1676;Schouwen-Duiveland
1-1-1961;1961;GM1053;GM0688;GM1676;Schouwen-Duiveland
1-1-1961;1961;GM1054;GM0688;GM1676;Schouwen-Duiveland
1-1-1961;1961;GM1068;GM0725;GM1676;Schouwen-Duiveland
1-1-1961;1961;GM1095;GM0688;GM1676;Schouwen-Duiveland
1-1-1961;1961;GM1122;GM0662;GM1676;Schouwen-Duiveland
1-1-1961;1961;GM1128;GM0656;GM1676;Schouwen-Duiveland
1-1-1961;1961;GM1129;GM0725;GM1676;Schouwen-Duiveland
1-1-1961;1961;GM1136;GM0662;GM1676;Schouwen-Duiveland
1-1-1961;1961;GM1148;GM0662;GM1676;Schouwen-Duiveland
1-1-1961;1961;GM1159;GM0725;GM1676;Schouwen-Duiveland
1-1-1961;1961;GM1175;GM0725;GM1676;Schouwen-Duiveland
1-1-1961;1961;GM1236;GM0656;GM1676;Schouwen-Duiveland
1-1-1962;1962;GM1169;GM0321;GM0321;Houten
1-1-1962;1962;GM1205;GM0321;GM0321;Houten
1-7-1962;1962;GM1404;GM0171;GM0171;Noordoostpolder
1-8-1963;1963;GM1055;#N/A;#N/A;Duitsland
1-8-1963;1963;GM1204;#N/A;#N/A;Duitsland
1-1-1964;1964;GM1249;GM0362;GM0362;Amstelveen
1-2-1964;1964;GM1017;GM0632;GM0632;Woerden
1-2-1964;1964;GM1075;GM0506;GM1901;Bodegraven-Reeuwijk
1-2-1964;1964;GM1101;GM0506;GM1901;Bodegraven-Reeuwijk
1-2-1964;1964;GM1151;GM0506;GM1901;Bodegraven-Reeuwijk
1-2-1964;1964;GM1160;GM0632;GM0632;Woerden
1-2-1964;1964;GM1217;GM0506;GM1901;Bodegraven-Reeuwijk
1-2-1964;1964;GM1244;GM0484;GM0484;Alphen aan den Rijn
1-4-1964;1964;GM1105;GM0311;GM1904;Stichtse Vecht
1-4-1964;1964;GM1164;GM0311;GM1904;Stichtse Vecht
1-4-1964;1964;GM1213;GM0329;GM1904;Stichtse Vecht
1-9-1964;1964;GM1131;GM0312;GM0312;Bunnik
1-9-1964;1964;GM1223;GM0312;GM0312;Bunnik
1-7-1965;1965;GM1126;GM0033;GM1987;Menterwolde
1-7-1965;1965;GM1240;GM0033;GM1987;Menterwolde
1-1-1966;1966;GM1024;GM0580;GM1924;Goeree-Overflakkee
1-1-1966;1966;GM1078;GM0504;GM1924;Goeree-Overflakkee
1-1-1966;1966;GM1113;GM0504;GM1924;Goeree-Overflakkee
1-1-1966;1966;GM1119;GM0559;GM1924;Goeree-Overflakkee
1-1-1966;1966;GM1133;GM0580;GM1924;Goeree-Overflakkee
1-1-1966;1966;GM1142;GM0511;GM1924;Goeree-Overflakkee
1-1-1966;1966;GM1143;GM0580;GM1924;Goeree-Overflakkee
1-1-1966;1966;GM1184;GM0559;GM1924;Goeree-Overflakkee
1-1-1966;1966;GM1188;GM0559;GM1924;Goeree-Overflakkee
1-1-1966;1966;GM1195;GM0511;GM1924;Goeree-Overflakkee
1-5-1966;1966;GM1074;GM0612;GM1930;Nissewaard
1-7-1966;1966;GM1000;GM0686;GM0717;Veere
1-7-1966;1966;GM1022;GM0720;GM0717;Veere
1-7-1966;1966;GM1067;GM0686;GM0717;Veere
1-7-1966;1966;GM1098;GM0720;GM0717;Veere
1-7-1966;1966;GM1112;GM0686;GM0717;Veere
1-7-1966;1966;GM1117;GM0687;GM0687;Middelburg (Zeeland)
1-7-1966;1966;GM1135;GM0718;GM0718;Vlissingen
1-7-1966;1966;GM1137;GM0660;GM0717;Veere
1-7-1966;1966;GM1163;GM0718;GM0718;Vlissingen
1-7-1966;1966;GM1179;GM0687;GM0687;Middelburg (Zeeland)
1-7-1966;1966;GM1214;GM0717;GM0717;Veere
1-7-1966;1966;GM1237;GM0720;GM0717;Veere
1-8-1966;1966;GM1014;GM0390;GM1696;Wijdemeren
1-8-1966;1966;GM1097;GM0390;GM1696;Wijdemeren
1-8-1966;1966;GM1221;GM0363;GM0363;Amsterdam
1-7-1967;1967;GM1176;GM0717;GM0717;Veere
1-8-1967;1967;GM1245;GM0193;GM0193;Zwolle
1-1-1968;1968;GM1251;GM0777;GM0777;Etten-Leur
1-1-1968;1968;GM1196;GM0794;GM0794;Helmond
1-9-1968;1968;GM1019;GM0007;GM0007;Bellingwedde
1-9-1968;1968;GM1220;GM0007;GM0007;Bellingwedde
1-1-1969;1969;GM1044;GM0792;GM1721;Bernheze
1-1-1969;1969;GM1072;GM0792;GM1721;Bernheze
1-1-1969;1969;GM1084;GM0014;GM0014;Groningen
1-1-1969;1969;GM1127;GM0014;GM0014;Groningen
1-1-1969;1969;GM1225;GM0037;GM0037;Stadskanaal
1-1-1969;1969;GM1250;GM0037;GM0037;Stadskanaal
1-6-1969;1969;GM0343;GM0327;GM0327;Leusden
1-7-1969;1969;GM0937;GM0993;GM0984;Venray
1-7-1969;1969;GM0987;GM0993;GM0984;Venray
1-1-1970;1970;GM0651;GM0654;GM0654;Borsele
1-1-1970;1970;GM0661;GM0654;GM0654;Borsele
1-1-1970;1970;GM0663;GM0654;GM0654;Borsele
1-1-1970;1970;GM0666;GM0654;GM0654;Borsele
1-1-1970;1970;GM0669;GM0654;GM0654;Borsele
1-1-1970;1970;GM0670;GM0654;GM0654;Borsele
1-1-1970;1970;GM0671;GM0654;GM0654;Borsele
1-1-1970;1970;GM0672;GM0654;GM0654;Borsele
1-1-1970;1970;GM0673;GM0654;GM0654;Borsele
1-1-1970;1970;GM0679;GM0664;GM0664;Goes
1-1-1970;1970;GM0680;GM0664;GM0664;Goes
1-1-1970;1970;GM0684;GM0703;GM0703;Reimerswaal
1-1-1970;1970;GM0685;GM0703;GM0703;Reimerswaal
1-1-1970;1970;GM0691;GM0654;GM0654;Borsele
1-1-1970;1970;GM0695;GM0654;GM0654;Borsele
1-1-1970;1970;GM0698;GM0654;GM0654;Borsele
1-1-1970;1970;GM0702;GM0703;GM0703;Reimerswaal
1-1-1970;1970;GM0721;GM0703;GM0703;Reimerswaal
1-1-1970;1970;GM0723;GM0678;GM0678;Kapelle
1-1-1970;1970;GM0728;GM0664;GM0664;Goes
1-1-1970;1970;GM0729;GM0703;GM0703;Reimerswaal
1-1-1970;1970;GM1254;GM0654;GM0654;Borsele
1-4-1970;1970;GM0652;GM0715;GM0715;Terneuzen
1-4-1970;1970;GM0655;GM0692;GM1714;Sluis
1-4-1970;1970;GM0658;GM0692;GM1714;Sluis
1-4-1970;1970;GM0659;GM0677;GM0677;Hulst
1-4-1970;1970;GM0665;GM0677;GM0677;Hulst
1-4-1970;1970;GM0667;GM0692;GM1714;Sluis
1-4-1970;1970;GM0674;GM0715;GM0715;Terneuzen
1-4-1970;1970;GM0676;GM0692;GM1714;Sluis
1-4-1970;1970;GM0681;GM0650;GM0715;Terneuzen
1-4-1970;1970;GM0690;GM0692;GM1714;Sluis
1-4-1970;1970;GM0697;GM0650;GM0715;Terneuzen
1-4-1970;1970;GM0699;GM0704;GM0715;Terneuzen
1-4-1970;1970;GM0701;GM0713;GM1714;Sluis
1-4-1970;1970;GM0706;GM0692;GM1714;Sluis
1-4-1970;1970;GM0709;GM0677;GM0677;Hulst
1-4-1970;1970;GM0719;GM0675;GM0677;Hulst
1-4-1970;1970;GM0722;GM0692;GM1714;Sluis
1-4-1970;1970;GM0724;GM0704;GM0715;Terneuzen
1-4-1970;1970;GM0730;GM0692;GM1714;Sluis
1-4-1970;1970;GM0731;GM0715;GM0715;Terneuzen
1-4-1970;1970;GM0734;GM0650;GM0715;Terneuzen
1-4-1970;1970;GM0735;GM0692;GM1714;Sluis
1-7-1970;1970;GM0507;GM0505;GM0505;Dordrecht
1-7-1970;1970;GM0883;GM0935;GM0935;Maastricht
1-7-1970;1970;GM0896;GM0935;GM0935;Maastricht
1-7-1970;1970;GM0916;GM0935;GM0935;Maastricht
1-7-1970;1970;GM0926;GM0935;GM0935;Maastricht
1-8-1970;1970;GM0371;GM0478;GM0385;Edam-Volendam
1-8-1970;1970;GM0389;GM0365;GM0361;Alkmaar
1-8-1970;1970;GM0414;GM0478;GM0385;Edam-Volendam
1-8-1970;1970;GM0421;GM0478;GM0385;Edam-Volendam
1-8-1970;1970;GM0428;GM0412;GM1911;Hollands Kroon
1-8-1970;1970;GM0430;GM0478;GM0385;Edam-Volendam
1-8-1970;1970;GM0434;GM0458;GM0361;Alkmaar
1-8-1970;1970;GM0436;GM0412;GM1911;Hollands Kroon
1-8-1970;1970;GM0440;GM0365;GM0361;Alkmaar
1-8-1970;1970;GM0442;GM0454;GM0498;Drechterland
1-8-1970;1970;GM0443;GM0458;GM0361;Alkmaar
1-8-1970;1970;GM0455;GM0478;GM0385;Edam-Volendam
1-8-1970;1970;GM0464;GM0369;GM1911;Hollands Kroon
1-8-1970;1970;GM0465;GM0412;GM1911;Hollands Kroon
1-8-1970;1970;GM0469;GM0454;GM0498;Drechterland
1-8-1970;1970;GM0474;GM0458;GM0361;Alkmaar
1-9-1970;1970;GM0319;GM0589;GM0589;Oudewater
1-4-1971;1971;GM0705;GM0716;GM0716;Tholen
1-4-1971;1971;GM0773;GM0796;GM0796;'s-Hertogenbosch
1-4-1971;1971;GM0774;GM0796;GM0796;'s-Hertogenbosch
1-7-1971;1971;GM0322;GM0356;GM0356;Nieuwegein
1-7-1971;1971;GM0348;GM0356;GM0356;Nieuwegein
1-7-1971;1971;GM0696;GM0716;GM0716;Tholen
1-7-1971;1971;GM0700;GM0716;GM0716;Tholen
1-7-1971;1971;GM0708;GM0716;GM0716;Tholen
1-7-1971;1971;GM0711;GM0716;GM0716;Tholen
1-7-1971;1971;GM0714;GM0716;GM0716;Tholen
1-8-1971;1971;GM0259;GM0262;GM0262;Lochem
1-10-1972;1972;GM0410;GM0446;GM0416;Langedijk
1-10-1972;1972;GM0438;GM0361;GM0361;Alkmaar
1-1-1973;1973;GM0145;GM0195;GM1708;Steenwijkerland
1-1-1973;1973;GM0146;GM0194;GM1708;Steenwijkerland
1-1-1973;1973;GM0155;GM0194;GM1708;Steenwijkerland
1-1-1973;1973;GM0167;GM0195;GM1708;Steenwijkerland
1-1-1973;1973;GM0172;GM0195;GM1708;Steenwijkerland
1-1-1973;1973;GM0182;GM0181;GM1708;Steenwijkerland
1-1-1973;1973;GM0185;GM0194;GM1708;Steenwijkerland
1-1-1973;1973;GM0187;GM0194;GM1708;Steenwijkerland
1-1-1973;1973;GM0740;GM0874;GM0874;Woudrichem
1-1-1973;1973;GM0742;GM0874;GM0874;Woudrichem
1-1-1973;1973;GM0771;GM0738;GM0738;Aalburg
1-1-1973;1973;GM0783;GM0874;GM0874;Woudrichem
1-1-1973;1973;GM0842;GM0874;GM0874;Woudrichem
1-1-1973;1973;GM0859;GM0738;GM0738;Aalburg
1-1-1973;1973;GM0876;GM0738;GM0738;Aalburg
1-1-1973;1973;GM0955;GM0907;GM0907;Gennep
1-1-1974;1974;GM0223;GM0230;GM0230;Elburg
1-1-1974;1974;GM0320;GM0307;GM0307;Amersfoort
1-1-1974;1974;GM0367;GM0479;GM0479;Zaanstad
1-1-1974;1974;GM0411;GM0479;GM0479;Zaanstad
1-1-1974;1974;GM0413;GM0479;GM0479;Zaanstad
1-1-1974;1974;GM0461;GM0479;GM0479;Zaanstad
1-1-1974;1974;GM0468;GM0479;GM0479;Zaanstad
1-1-1974;1974;GM0471;GM0479;GM0479;Zaanstad
1-1-1974;1974;GM0472;GM0479;GM0479;Zaanstad
1-1-1975;1975;GM1315;GM0385;GM0385;Edam-Volendam
1-1-1978;1978;GM0205;GM0236;GM0236;Geldermalsen
1-1-1978;1978;GM0210;GM0214;GM0214;Buren
1-1-1978;1978;GM0215;GM0236;GM0236;Geldermalsen
1-1-1978;1978;GM0217;GM0236;GM0236;Geldermalsen
1-1-1978;1978;GM0234;GM0304;GM0304;Neerijnen
1-1-1978;1978;GM0242;GM0304;GM0304;Neerijnen
1-1-1978;1978;GM0270;GM0304;GM0304;Neerijnen
1-1-1978;1978;GM0284;GM0304;GM0304;Neerijnen
1-1-1978;1978;GM0288;GM0304;GM0304;Neerijnen
1-1-1978;1978;GM0300;GM0214;GM0214;Buren
1-7-1978;1978;GM0386;GM0357;GM0373;Bergen (Noord-Holland)
1-7-1978;1978;GM0387;GM0357;GM0373;Bergen (Noord-Holland)
1-1-1979;1979;GM0043;GM0019;GM1651;Eemsmond
1-1-1979;1979;GM0044;GM0019;GM1651;Eemsmond
1-1-1979;1979;GM0359;GM0529;GM0420;Medemblik
1-1-1979;1979;GM0368;GM0558;GM1598;Koggenland
1-1-1979;1979;GM0374;GM0558;GM1598;Koggenland
1-1-1979;1979;GM0378;GM0405;GM0405;Hoorn
1-1-1979;1979;GM0379;GM0532;GM0532;Stede Broec
1-1-1979;1979;GM0391;GM0532;GM0532;Stede Broec
1-1-1979;1979;GM0401;GM0429;GM1598;Koggenland
1-1-1979;1979;GM0403;GM1246;GM0498;Drechterland
1-1-1979;1979;GM0404;GM0432;GM0432;Opmeer
1-1-1979;1979;GM0422;GM0529;GM0420;Medemblik
1-1-1979;1979;GM0427;GM0466;GM0420;Medemblik
1-1-1979;1979;GM0433;GM0529;GM0420;Medemblik
1-1-1979;1979;GM0435;GM0558;GM1598;Koggenland
1-1-1979;1979;GM0447;GM0529;GM0420;Medemblik
1-1-1979;1979;GM0449;GM0529;GM0420;Medemblik
1-1-1979;1979;GM0452;GM0558;GM1598;Koggenland
1-1-1979;1979;GM0460;GM1246;GM0498;Drechterland
1-1-1979;1979;GM0475;GM0405;GM0405;Hoorn
1-1-1979;1979;GM1257;GM0092;GM1900;Súdwest-Fryslân
1-1-1980;1980;GM0481;GM0568;GM1930;Nissewaard
1-1-1980;1980;GM0509;GM0568;GM1930;Nissewaard
1-1-1980;1980;GM0525;GM0568;GM1930;Nissewaard
1-1-1980;1980;GM0581;GM0614;GM0614;Westvoorne
1-1-1980;1980;GM0586;GM0568;GM1930;Nissewaard
1-1-1980;1980;GM0598;GM0614;GM0614;Westvoorne
1-1-1980;1980;GM0621;GM0501;GM0501;Brielle
1-1-1980;1980;GM0640;GM0568;GM1930;Nissewaard
1-1-1980;1980;GM0641;GM0501;GM0501;Brielle
1-1-1980;1980;GM1246;GM0498;GM0498;Drechterland
1-7-1980;1980;GM0235;GM0209;GM0209;Beuningen
1-7-1980;1980;GM0271;GM0252;GM0252;Heumen
1-1-1982;1982;GM0884;GM0962;GM0962;Schinnen
1-1-1982;1982;GM0891;GM0936;GM1903;Eijsden-Margraten
1-1-1982;1982;GM0892;GM0994;GM0994;Valkenburg aan de Geul
1-1-1982;1982;GM0894;GM0881;GM0881;Onderbanken
1-1-1982;1982;GM0895;GM0965;GM0965;Simpelveld
1-1-1982;1982;GM0900;GM0938;GM0938;Meerssen
1-1-1982;1982;GM0901;GM0936;GM1903;Eijsden-Margraten
1-1-1982;1982;GM0903;GM0971;GM0971;Stein (Limburg)
1-1-1982;1982;GM0904;GM0928;GM0928;Kerkrade
1-1-1982;1982;GM0908;GM0938;GM0938;Meerssen
1-1-1982;1982;GM0910;GM0897;GM1883;Sittard-Geleen
1-1-1982;1982;GM0911;GM0905;GM1903;Eijsden-Margraten
1-1-1982;1982;GM0921;GM0917;GM0917;Heerlen
1-1-1982;1982;GM0924;GM0951;GM0951;Nuth
1-1-1982;1982;GM0927;GM0881;GM0881;Onderbanken
1-1-1982;1982;GM0930;GM0986;GM0986;Voerendaal
1-1-1982;1982;GM0931;GM0968;GM1883;Sittard-Geleen
1-1-1982;1982;GM0940;GM0881;GM0881;Onderbanken
1-1-1982;1982;GM0942;GM0936;GM1903;Eijsden-Margraten
1-1-1982;1982;GM0945;GM0968;GM1883;Sittard-Geleen
1-1-1982;1982;GM0948;GM0882;GM0882;Landgraaf
1-1-1982;1982;GM0949;GM0974;GM1711;Echt-Susteren
1-1-1982;1982;GM0950;GM0936;GM1903;Eijsden-Margraten
1-1-1982;1982;GM0952;GM0897;GM1883;Sittard-Geleen
1-1-1982;1982;GM0954;GM0962;GM0962;Schinnen
1-1-1982;1982;GM0959;GM0974;GM1711;Echt-Susteren
1-1-1982;1982;GM0960;GM0882;GM0882;Landgraaf
1-1-1982;1982;GM0961;GM0951;GM0951;Nuth
1-1-1982;1982;GM0963;GM0881;GM0881;Onderbanken
1-1-1982;1982;GM0966;GM0936;GM1903;Eijsden-Margraten
1-1-1982;1982;GM0969;GM0990;GM1729;Gulpen-Wittem
1-1-1982;1982;GM0970;GM0888;GM0888;Beek (Limburg)
1-1-1982;1982;GM0978;GM0882;GM0882;Landgraaf
1-1-1982;1982;GM0979;GM0938;GM0938;Meerssen
1-1-1982;1982;GM0980;GM0971;GM0971;Stein (Limburg)
1-1-1982;1982;GM0982;GM0994;GM0994;Valkenburg aan de Geul
1-1-1982;1982;GM0991;GM0913;GM1729;Gulpen-Wittem
1-1-1982;1982;GM0992;GM0951;GM0951;Nuth
1-1-1984;1984;GM0061;GM0103;GM0140;Littenseradiel
1-1-1984;1984;GM0062;GM0070;GM0070;Franekeradeel
1-1-1984;1984;GM0066;GM0058;GM0058;Dongeradeel
1-1-1984;1984;GM0067;GM0139;GM1945;Berg en Dal
1-1-1984;1984;GM0069;GM0070;GM0070;Franekeradeel
1-1-1984;1984;GM0073;GM0139;GM1945;Berg en Dal
1-1-1984;1984;GM0075;GM0104;GM1900;Súdwest-Fryslân
1-1-1984;1984;GM0076;GM0103;GM0140;Littenseradiel
1-1-1984;1984;GM0077;GM0104;GM1900;Súdwest-Fryslân
1-1-1984;1984;GM0078;GM0057;GM0080;Leeuwarden
1-1-1984;1984;GM0084;GM0058;GM0058;Dongeradeel
1-1-1984;1984;GM0087;GM0057;GM0080;Leeuwarden
1-1-1984;1984;GM0089;GM0071;GM1945;Berg en Dal
1-1-1984;1984;GM0092;GM0104;GM1900;Súdwest-Fryslân
1-1-1984;1984;GM0095;GM0057;GM0080;Leeuwarden
1-1-1984;1984;GM0097;GM0058;GM0058;Dongeradeel
1-1-1984;1984;GM0100;GM0104;GM1900;Súdwest-Fryslân
1-1-1984;1984;GM0102;GM0101;GM1900;Súdwest-Fryslân
1-1-1984;1984;GM0201;GM0290;GM0668;West Maas en Waal
1-1-1984;1984;GM0204;GM0296;GM0296;Wijchen
1-1-1984;1984;GM0208;GM0296;GM0296;Wijchen
1-1-1984;1984;GM0224;GM0290;GM0668;West Maas en Waal
1-1-1984;1984;GM0254;GM0225;GM0225;Druten
1-1-1984;1984;GM0516;GM0588;GM0588;Korendijk
1-1-1984;1984;GM0528;GM0585;GM0585;Binnenmaas
1-1-1984;1984;GM0539;GM0611;GM0611;Cromstrijen
1-1-1984;1984;GM0554;GM0585;GM0585;Binnenmaas
1-1-1984;1984;GM0564;GM0585;GM0585;Binnenmaas
1-1-1984;1984;GM0566;GM0588;GM0588;Korendijk
1-1-1984;1984;GM0578;GM0611;GM0611;Cromstrijen
1-1-1984;1984;GM0591;GM0588;GM0588;Korendijk
1-1-1984;1984;GM0593;GM0585;GM0585;Binnenmaas
1-1-1984;1984;GM0631;GM0585;GM0585;Binnenmaas
1-1-1984;1984;GM0639;GM0588;GM0588;Korendijk
1-1-1984;1984;GM0996;GM0034;GM0034;Almere
1-1-1985;1985;GM0249;GM0196;GM0196;Rijnwaarden
1-1-1985;1985;GM0272;GM0196;GM0196;Rijnwaarden
1-1-1985;1985;GM0486;GM0491;GM1931;Krimpenerwaard
1-1-1985;1985;GM0494;GM0491;GM1931;Krimpenerwaard
1-1-1985;1985;GM0514;GM0644;GM1931;Krimpenerwaard
1-1-1985;1985;GM0521;GM0623;GM1931;Krimpenerwaard
1-1-1985;1985;GM0541;GM0643;GM1931;Krimpenerwaard
1-1-1985;1985;GM0550;GM0643;GM1931;Krimpenerwaard
1-1-1985;1985;GM0587;GM0644;GM1931;Krimpenerwaard
1-1-1985;1985;GM0592;GM0613;GM0613;Albrandswaard
1-1-1985;1985;GM0596;GM0613;GM0613;Albrandswaard
1-1-1985;1985;GM0615;GM0623;GM1931;Krimpenerwaard
3-1-1985;1985;GM0057;GM0055;GM0080;Leeuwarden
26-1-1985;1985;GM0103;GM0140;GM0140;Littenseradiel
1-3-1985;1985;GM0139;GM0051;GM1940;De Fryske Marren
6-6-1985;1985;GM0071;GM0653;GM1940;De Fryske Marren
1-7-1985;1985;GM0290;GM0668;GM0668;West Maas en Waal
1-1-1986;1986;GM0101;GM0683;GM1900;Súdwest-Fryslân
1-1-1986;1986;GM0250;GM0287;GM0733;Lingewaal
1-1-1986;1986;GM0485;GM0707;GM0707;Zederik
1-1-1986;1986;GM0487;GM0689;GM0689;Giessenlanden
1-1-1986;1986;GM0488;GM0287;GM0733;Lingewaal
1-1-1986;1986;GM0496;GM0693;GM1927;Molenwaard
1-1-1986;1986;GM0500;GM0693;GM1927;Molenwaard
1-1-1986;1986;GM0508;GM0620;GM0620;Vianen
1-1-1986;1986;GM0510;GM0689;GM0689;Giessenlanden
1-1-1986;1986;GM0515;GM0693;GM1927;Molenwaard
1-1-1986;1986;GM0520;GM0694;GM1927;Molenwaard
1-1-1986;1986;GM0522;GM0620;GM0620;Vianen
1-1-1986;1986;GM0527;GM0707;GM0707;Zederik
1-1-1986;1986;GM0533;GM0287;GM0733;Lingewaal
1-1-1986;1986;GM0535;GM0689;GM0689;Giessenlanden
1-1-1986;1986;GM0536;GM0689;GM0689;Giessenlanden
1-1-1986;1986;GM0538;GM0545;GM0545;Leerdam
1-1-1986;1986;GM0543;GM0694;GM1927;Molenwaard
1-1-1986;1986;GM0544;GM0707;GM0707;Zederik
1-1-1986;1986;GM0551;GM0707;GM0707;Zederik
1-1-1986;1986;GM0557;GM0707;GM0707;Zederik
1-1-1986;1986;GM0561;GM0693;GM1927;Molenwaard
1-1-1986;1986;GM0570;GM0707;GM0707;Zederik
1-1-1986;1986;GM0572;GM0694;GM1927;Molenwaard
1-1-1986;1986;GM0574;GM0689;GM0689;Giessenlanden
1-1-1986;1986;GM0582;GM0693;GM1927;Molenwaard
1-1-1986;1986;GM0583;GM0693;GM1927;Molenwaard
1-1-1986;1986;GM0605;GM0689;GM0689;Giessenlanden
1-1-1986;1986;GM0609;GM0545;GM0545;Leerdam
1-1-1986;1986;GM0616;GM0694;GM1927;Molenwaard
1-1-1986;1986;GM0618;GM0707;GM0707;Zederik
1-1-1986;1986;GM0634;GM0693;GM1927;Molenwaard
1-1-1987;1987;GM0099;GM0710;GM1900;Súdwest-Fryslân
3-1-1987;1987;GM0287;GM0733;GM0733;Lingewaal
1-1-1989;1989;GM0094;GM0737;GM0737;Tytsjerksteradiel
1-1-1989;1989;GM0309;GM0331;GM0331;Lopik
1-1-1989;1989;GM0323;GM0632;GM0632;Woerden
1-1-1989;1989;GM0324;GM0311;GM1904;Stichtse Vecht
1-1-1989;1989;GM0328;GM0335;GM0335;Montfoort
1-1-1989;1989;GM0336;GM0736;GM0736;De Ronde Venen
1-1-1989;1989;GM0337;GM0329;GM1904;Stichtse Vecht
1-1-1989;1989;GM0338;GM0331;GM0331;Lopik
1-1-1989;1989;GM0341;GM0589;GM0589;Oudewater
1-1-1989;1989;GM0346;GM0736;GM0736;De Ronde Venen
1-1-1989;1989;GM0349;GM0335;GM0335;Montfoort
1-1-1989;1989;GM0350;GM0736;GM0736;De Ronde Venen
1-1-1989;1989;GM0354;GM0632;GM0632;Woerden
1-1-1989;1989;GM0506;GM0595;GM1901;Bodegraven-Reeuwijk
1-1-1990;1990;GM0001;GM0053;GM0053;Winsum
1-1-1990;1990;GM0002;GM0056;GM0056;Zuidhorn
1-1-1990;1990;GM0004;GM0053;GM0053;Winsum
1-1-1990;1990;GM0008;GM0010;GM0010;Delfzijl
1-1-1990;1990;GM0011;GM0045;GM1663;De Marne
1-1-1990;1990;GM0012;GM0053;GM0053;Winsum
1-1-1990;1990;GM0013;GM0006;GM1895;Oldambt
1-1-1990;1990;GM0016;GM0056;GM0056;Zuidhorn
1-1-1990;1990;GM0020;GM0019;GM1651;Eemsmond
1-1-1990;1990;GM0021;GM0045;GM1663;De Marne
1-1-1990;1990;GM0023;GM0045;GM1663;De Marne
1-1-1990;1990;GM0026;GM0033;GM1987;Menterwolde
1-1-1990;1990;GM0027;GM0024;GM0024;Loppersum
1-1-1990;1990;GM0028;GM0039;GM1895;Oldambt
1-1-1990;1990;GM0029;GM0033;GM1987;Menterwolde
1-1-1990;1990;GM0030;GM0765;GM0765;Pekela
1-1-1990;1990;GM0031;GM0006;GM1895;Oldambt
1-1-1990;1990;GM0032;GM0039;GM1895;Oldambt
1-1-1990;1990;GM0035;GM0056;GM0056;Zuidhorn
1-1-1990;1990;GM0036;GM0015;GM0015;Grootegast
1-1-1990;1990;GM0038;GM0765;GM0765;Pekela
1-1-1990;1990;GM0041;GM0024;GM0024;Loppersum
1-1-1990;1990;GM0042;GM0010;GM0010;Delfzijl
1-1-1990;1990;GM0046;GM0019;GM1651;Eemsmond
1-1-1990;1990;GM0049;GM0019;GM1651;Eemsmond
1-1-1990;1990;GM0054;GM0024;GM0024;Loppersum
1-1-1990;1990;GM0369;GM0412;GM1911;Hollands Kroon
1-1-1990;1990;GM0382;GM0476;GM0441;Schagen
1-1-1990;1990;GM0445;GM0395;GM0441;Schagen
1-1-1990;1990;GM0446;GM0416;GM0416;Langedijk
1-1-1990;1990;GM0456;GM0395;GM0441;Schagen
1-1-1991;1991;GM0380;GM0852;GM0852;Waterland
1-1-1991;1991;GM0407;GM0852;GM0852;Waterland
1-1-1991;1991;GM0408;GM0880;GM0880;Wormerland
1-1-1991;1991;GM0409;GM0852;GM0852;Waterland
1-1-1991;1991;GM0419;GM0852;GM0852;Waterland
1-1-1991;1991;GM0423;GM0852;GM0852;Waterland
1-1-1991;1991;GM0467;GM0880;GM0880;Wormerland
1-1-1991;1991;GM0470;GM0880;GM0880;Wormerland
1-1-1991;1991;GM0490;GM0646;GM0484;Alphen aan den Rijn
1-1-1991;1991;GM0524;GM0646;GM0484;Alphen aan den Rijn
1-1-1991;1991;GM0540;GM0646;GM0484;Alphen aan den Rijn
1-1-1991;1991;GM0549;GM0645;GM1884;Kaag en Braassem
1-1-1991;1991;GM0560;GM0647;GM1892;Zuidplas
1-1-1991;1991;GM0601;GM0645;GM1884;Kaag en Braassem
1-1-1991;1991;GM0633;GM0645;GM1884;Kaag en Braassem
1-1-1991;1991;GM0635;GM0573;GM0569;Nieuwkoop
1-1-1991;1991;GM0636;GM0647;GM1892;Zuidplas
1-1-1991;1991;GM0886;GM0920;GM1640;Leudal
1-1-1991;1991;GM0887;GM1937;GM1641;Maasgouw
1-1-1991;1991;GM0909;GM0920;GM1640;Leudal
1-1-1991;1991;GM0915;GM1937;GM1641;Maasgouw
1-1-1991;1991;GM0919;GM0957;GM0957;Roermond
1-1-1991;1991;GM0922;GM0914;GM1640;Leudal
1-1-1991;1991;GM0932;GM0933;GM1641;Maasgouw
1-1-1991;1991;GM0943;GM0956;GM1669;Roerdalen
1-1-1991;1991;GM0947;GM0958;GM1640;Leudal
1-1-1991;1991;GM0953;GM0933;GM1641;Maasgouw
1-1-1991;1991;GM0967;GM0956;GM1669;Roerdalen
1-1-1991;1991;GM0972;GM0933;GM1641;Maasgouw
1-1-1991;1991;GM0985;GM0939;GM1669;Roerdalen
1-1-1991;1991;GM0989;GM1937;GM1641;Maasgouw
1-2-1991;1991;GM0033;GM1987;GM1987;Menterwolde
1-7-1991;1991;GM0006;GM1661;GM1895;Oldambt
1-1-1992;1992;GM0019;GM1651;GM1651;Eemsmond
1-1-1992;1992;GM0045;GM1663;GM1663;De Marne
1-2-1992;1992;GM0647;GM1666;GM1892;Zuidplas
1-1-1993;1993;GM0646;GM1672;GM0484;Alphen aan den Rijn
1-1-1993;1993;GM0780;GM1671;GM0796;'s-Hertogenbosch
1-1-1993;1993;GM0821;GM1671;GM0796;'s-Hertogenbosch
1-1-1993;1993;GM0939;GM1669;GM1669;Roerdalen
1-1-1993;1993;GM0958;GM1670;GM1640;Leudal
1-1-1994;1994;GM0573;GM1673;GM0569;Nieuwkoop
1-1-1994;1994;GM0747;GM1684;GM1684;Cuijk
1-1-1994;1994;GM0750;GM0828;GM0828;Oss
1-1-1994;1994;GM0761;GM1684;GM1684;Cuijk
1-1-1994;1994;GM0775;GM0860;GM1948;Meierijstad
1-1-1994;1994;GM0790;GM1684;GM1684;Cuijk
1-1-1994;1994;GM0792;GM0791;GM1721;Bernheze
1-1-1994;1994;GM0813;GM0828;GM0828;Oss
1-1-1994;1994;GM0819;GM0791;GM1721;Bernheze
1-1-1994;1994;GM0822;GM0756;GM0756;Boxmeer
1-1-1994;1994;GM0827;GM1691;GM1702;Sint Anthonis
1-1-1994;1994;GM0843;GM1685;GM1685;Landerd
1-1-1994;1994;GM0868;GM1691;GM1702;Sint Anthonis
1-1-1994;1994;GM0877;GM1685;GM1685;Landerd
1-2-1994;1994;GM0956;GM1679;GM1669;Roerdalen
1-1-1995;1995;GM0648;GM1698;GM1714;Sluis
1-1-1995;1995;GM0682;GM1695;GM1695;Noord-Beveland
1-1-1995;1995;GM0712;GM0716;GM0716;Tholen
1-1-1995;1995;GM0713;GM1698;GM1714;Sluis
1-1-1995;1995;GM0727;GM1695;GM1695;Noord-Beveland
28-1-1995;1995;GM0791;GM1721;GM1721;Bernheze
4-7-1995;1995;GM1691;GM1702;GM1702;Sint Anthonis
1-1-1996;1996;GM0314;GM0352;GM0352;Wijk bij Duurstede
1-1-1996;1996;GM0325;GM0352;GM0352;Wijk bij Duurstede
1-1-1996;1996;GM0752;GM0845;GM0845;Sint-Michielsgestel
1-1-1996;1996;GM0768;GM0845;GM0845;Sint-Michielsgestel
1-1-1996;1996;GM0776;GM0788;GM0788;Haaren
1-1-1996;1996;GM0795;GM0788;GM0788;Haaren
1-1-1996;1996;GM0806;GM0757;GM0757;Boxtel
1-1-1996;1996;GM0839;GM0796;GM0796;'s-Hertogenbosch
1-1-1997;1997;GM0649;GM0687;GM0687;Middelburg (Zeeland)
1-1-1997;1997;GM0656;GM1676;GM1676;Schouwen-Duiveland
1-1-1997;1997;GM0657;GM1676;GM1676;Schouwen-Duiveland
1-1-1997;1997;GM0660;GM0717;GM0717;Veere
1-1-1997;1997;GM0662;GM1676;GM1676;Schouwen-Duiveland
1-1-1997;1997;GM0686;GM0717;GM0717;Veere
1-1-1997;1997;GM0688;GM1676;GM1676;Schouwen-Duiveland
1-1-1997;1997;GM0720;GM0717;GM0717;Veere
1-1-1997;1997;GM0725;GM1676;GM1676;Schouwen-Duiveland
1-1-1997;1997;GM0726;GM0717;GM0717;Veere
1-1-1997;1997;GM0732;GM1676;GM1676;Schouwen-Duiveland
1-1-1997;1997;GM0739;GM1659;GM1659;Laarbeek
1-1-1997;1997;GM0741;GM1723;GM1723;Alphen-Chaam
1-1-1997;1997;GM0745;GM1652;GM1652;Gemert-Bakel
1-1-1997;1997;GM0746;GM1659;GM1659;Laarbeek
1-1-1997;1997;GM0751;GM0855;GM0855;Tilburg
1-1-1997;1997;GM0754;GM1728;GM1728;Bladel
1-1-1997;1997;GM0760;GM1723;GM1723;Alphen-Chaam
1-1-1997;1997;GM0763;GM0798;GM0798;Hilvarenbeek
1-1-1997;1997;GM0764;GM0851;GM0851;Steenbergen
1-1-1997;1997;GM0767;GM0797;GM0797;Heusden
1-1-1997;1997;GM0769;GM0870;GM0870;Werkendam
1-1-1997;1997;GM0778;GM0878;GM1709;Moerdijk
1-1-1997;1997;GM0782;GM1652;GM1652;Gemert-Bakel
1-1-1997;1997;GM0787;GM0766;GM0766;Dongen
1-1-1997;1997;GM0789;GM0748;GM0748;Bergen op Zoom
1-1-1997;1997;GM0793;GM1658;GM1658;Heeze-Leende
1-1-1997;1997;GM0799;GM1655;GM1655;Halderberge
1-1-1997;1997;GM0800;GM1728;GM1728;Bladel
1-1-1997;1997;GM0801;GM1667;GM1667;Reusel-De Mierden
1-1-1997;1997;GM0802;GM1665;GM1719;Drimmelen
1-1-1997;1997;GM0803;GM0873;GM0873;Woensdrecht
1-1-1997;1997;GM0804;GM0878;GM1709;Moerdijk
1-1-1997;1997;GM0805;GM1658;GM1658;Heeze-Leende
1-1-1997;1997;GM0807;GM1659;GM1659;Laarbeek
1-1-1997;1997;GM0810;GM0749;GM1724;Bergeijk
1-1-1997;1997;GM0811;GM0759;GM1706;Cranendonck
1-1-1997;1997;GM0812;GM1665;GM1719;Drimmelen
1-1-1997;1997;GM0816;GM0824;GM0824;Oisterwijk
1-1-1997;1997;GM0817;GM0758;GM0758;Breda
1-1-1997;1997;GM0818;GM0851;GM0851;Steenbergen
1-1-1997;1997;GM0825;GM0823;GM0823;Oirschot
1-1-1997;1997;GM0829;GM0873;GM0873;Woensdrecht
1-1-1997;1997;GM0830;GM1655;GM1655;Halderberge
1-1-1997;1997;GM0831;GM1655;GM1655;Halderberge
1-1-1997;1997;GM0832;GM0758;GM0758;Breda
1-1-1997;1997;GM0833;GM0873;GM0873;Woensdrecht
1-1-1997;1997;GM0834;GM0779;GM0779;Geertruidenberg
1-1-1997;1997;GM0836;GM1667;GM1667;Reusel-De Mierden
1-1-1997;1997;GM0837;GM0749;GM1724;Bergeijk
1-1-1997;1997;GM0838;GM1674;GM1674;Roosendaal
1-1-1997;1997;GM0841;GM0879;GM0879;Zundert
1-1-1997;1997;GM0849;GM0867;GM0867;Waalwijk
1-1-1997;1997;GM0850;GM0878;GM1709;Moerdijk
1-1-1997;1997;GM0853;GM1665;GM1719;Drimmelen
1-1-1997;1997;GM0854;GM0758;GM0758;Breda
1-1-1997;1997;GM0857;GM0855;GM0855;Tilburg
1-1-1997;1997;GM0862;GM0770;GM0770;Eersel
1-1-1997;1997;GM0864;GM0797;GM0797;Heusden
1-1-1997;1997;GM0869;GM0867;GM0867;Waalwijk
1-1-1997;1997;GM0871;GM0749;GM1724;Bergeijk
1-1-1997;1997;GM0872;GM0878;GM1709;Moerdijk
1-1-1997;1997;GM0875;GM1674;GM1674;Roosendaal
1-1-1998;1998;GM0105;GM1680;GM1680;Aa en Hunze
1-1-1998;1998;GM0107;GM1697;GM1731;Midden-Drenthe
1-1-1998;1998;GM0108;GM1681;GM1681;Borger-Odoorn
1-1-1998;1998;GM0110;GM0109;GM0109;Coevorden
1-1-1998;1998;GM0111;GM1701;GM1701;Westerveld
1-1-1998;1998;GM0112;GM1701;GM1701;Westerveld
1-1-1998;1998;GM0113;GM0136;GM1730;Tynaarlo
1-1-1998;1998;GM0115;GM1680;GM1680;Aa en Hunze
1-1-1998;1998;GM0116;GM1680;GM1680;Aa en Hunze
1-1-1998;1998;GM0117;GM1701;GM1701;Westerveld
1-1-1998;1998;GM0120;GM1699;GM1699;Noordenveld
1-1-1998;1998;GM0121;GM0119;GM0119;Meppel
1-1-1998;1998;GM0122;GM1681;GM1681;Borger-Odoorn
1-1-1998;1998;GM0123;GM0109;GM0109;Coevorden
1-1-1998;1998;GM0124;GM1699;GM1699;Noordenveld
1-1-1998;1998;GM0125;GM1699;GM1699;Noordenveld
1-1-1998;1998;GM0126;GM1680;GM1680;Aa en Hunze
1-1-1998;1998;GM0127;GM1690;GM1690;De Wolden
1-1-1998;1998;GM0128;GM1690;GM1690;De Wolden
1-1-1998;1998;GM0129;GM0114;GM0114;Emmen
1-1-1998;1998;GM0130;GM0109;GM0109;Coevorden
1-1-1998;1998;GM0131;GM1697;GM1731;Midden-Drenthe
1-1-1998;1998;GM0132;GM1701;GM1701;Westerveld
1-1-1998;1998;GM0133;GM0136;GM1730;Tynaarlo
1-1-1998;1998;GM0134;GM1697;GM1731;Midden-Drenthe
1-1-1998;1998;GM0135;GM1690;GM1690;De Wolden
1-1-1998;1998;GM0137;GM1690;GM1690;De Wolden
1-1-1998;1998;GM0138;GM0109;GM0109;Coevorden
1-1-1998;1998;GM0863;GM0756;GM0756;Boxmeer
1-1-1998;1998;GM0973;GM0988;GM0988;Weert
28-1-1998;1998;GM0759;GM1706;GM1706;Cranendonck
1-4-1998;1998;GM0878;GM1709;GM1709;Moerdijk
25-4-1998;1998;GM1665;GM1719;GM1719;Drimmelen
25-9-1998;1998;GM0749;GM1724;GM1724;Bergeijk
1-1-1999;1999;GM0068;GM1722;GM1722;Ferwerderadiel
1-1-1999;1999;GM0152;GM0150;GM0150;Deventer
1-1-1999;1999;GM0198;GM0263;GM0263;Maasdriel
1-1-1999;1999;GM0212;GM0297;GM0297;Zaltbommel
1-1-1999;1999;GM0245;GM0263;GM0263;Maasdriel
1-1-1999;1999;GM0247;GM0263;GM0263;Maasdriel
1-1-1999;1999;GM0257;GM0297;GM0297;Zaltbommel
1-1-1999;1999;GM0261;GM0214;GM0214;Buren
1-1-1999;1999;GM0264;GM0214;GM0214;Buren
1-1-1999;1999;GM0276;GM0263;GM0263;Maasdriel
1-1-1999;1999;GM0913;GM1729;GM1729;Gulpen-Wittem
1-1-1999;1999;GM0990;GM1729;GM1729;Gulpen-Wittem
1-12-1999;1999;GM0136;GM1730;GM1730;Tynaarlo
1-1-2000;2000;GM0253;GM0267;GM0267;Nijkerk
1-1-2000;2000;GM1697;GM1731;GM1731;Midden-Drenthe
1-1-2001;2001;GM0142;GM1735;GM1735;Hof van Twente
1-1-2001;2001;GM0143;GM0160;GM0160;Hardenberg
1-1-2001;2001;GM0151;GM1735;GM1735;Hof van Twente
1-1-2001;2001;GM0154;GM1896;GM1896;Zwartewaterland
1-1-2001;2001;GM0156;GM1735;GM1735;Hof van Twente
1-1-2001;2001;GM0157;GM0160;GM0160;Hardenberg
1-1-2001;2001;GM0159;GM0186;GM1700;Twenterand
1-1-2001;2001;GM0161;GM1896;GM1896;Zwartewaterland
1-1-2001;2001;GM0162;GM0177;GM0177;Raalte
1-1-2001;2001;GM0165;GM0178;GM1742;Rijssen-Holten
1-1-2001;2001;GM0169;GM1735;GM1735;Hof van Twente
1-1-2001;2001;GM0170;GM0148;GM0148;Dalfsen
1-1-2001;2001;GM0176;GM0149;GM1774;Dinkelland
1-1-2001;2001;GM0179;GM1735;GM1735;Hof van Twente
1-1-2001;2001;GM0188;GM0149;GM1774;Dinkelland
1-1-2001;2001;GM0190;GM0174;GM1773;Olst-Wijhe
1-1-2001;2001;GM0191;GM0166;GM0166;Kampen
1-1-2001;2001;GM0192;GM1896;GM1896;Zwartewaterland
1-1-2001;2001;GM0194;GM0181;GM1708;Steenwijkerland
1-1-2001;2001;GM0195;GM0181;GM1708;Steenwijkerland
1-1-2001;2001;GM0231;GM1734;GM1734;Overbetuwe
1-1-2001;2001;GM0238;GM0206;GM1705;Lingewaard
1-1-2001;2001;GM0251;GM1734;GM1734;Overbetuwe
1-1-2001;2001;GM0255;GM0206;GM1705;Lingewaard
1-1-2001;2001;GM0283;GM1734;GM1734;Overbetuwe
1-1-2001;2001;GM0318;GM0632;GM0632;Woerden
1-1-2001;2001;GM0334;GM0310;GM0310;De Bilt
1-1-2001;2001;GM0347;GM0344;GM0344;Utrecht
1-1-2001;2001;GM0357;GM0373;GM0373;Bergen (Noord-Holland)
1-1-2001;2001;GM0444;GM0373;GM0373;Bergen (Noord-Holland)
1-1-2001;2001;GM0890;GM0983;GM0983;Venlo
1-1-2001;2001;GM0897;GM1883;GM1883;Sittard-Geleen
1-1-2001;2001;GM0898;GM1507;GM1507;Horst aan de Maas
1-1-2001;2001;GM0906;GM1883;GM1883;Sittard-Geleen
1-1-2001;2001;GM0912;GM1507;GM1507;Horst aan de Maas
1-1-2001;2001;GM0923;GM1507;GM1507;Horst aan de Maas
1-1-2001;2001;GM0968;GM1883;GM1883;Sittard-Geleen
1-1-2001;2001;GM0976;GM0983;GM0983;Venlo
1-1-2002;2002;GM0220;GM0258;GM1740;Neder-Betuwe
1-1-2002;2002;GM0227;GM0258;GM1740;Neder-Betuwe
1-1-2002;2002;GM0330;GM1696;GM1696;Wijdemeren
1-1-2002;2002;GM0360;GM0383;GM0383;Castricum
1-1-2002;2002;GM0390;GM1696;GM1696;Wijdemeren
1-1-2002;2002;GM0418;GM0383;GM0383;Castricum
1-1-2002;2002;GM0426;GM1696;GM1696;Wijdemeren
1-1-2002;2002;GM0548;GM1916;GM1916;Leidschendam-Voorburg
1-1-2002;2002;GM0577;GM1926;GM1926;Pijnacker-Nootdorp
1-1-2002;2002;GM0594;GM1926;GM1926;Pijnacker-Nootdorp
1-1-2002;2002;GM0624;GM1916;GM1916;Leidschendam-Voorburg
26-3-2002;2002;GM0174;GM1773;GM1773;Olst-Wijhe
1-6-2002;2002;GM0149;GM1774;GM1774;Dinkelland
1-6-2002;2002;GM0186;GM1700;GM1700;Twenterand
1-1-2003;2003;GM0181;GM1708;GM1708;Steenwijkerland
1-1-2003;2003;GM0206;GM1705;GM1705;Lingewaard
1-1-2003;2003;GM0526;GM0642;GM0642;Zwijndrecht
1-1-2003;2003;GM0650;GM0715;GM0715;Terneuzen
1-1-2003;2003;GM0675;GM0677;GM0677;Hulst
1-1-2003;2003;GM0692;GM1714;GM1714;Sluis
1-1-2003;2003;GM0704;GM0715;GM0715;Terneuzen
1-1-2003;2003;GM0835;GM0828;GM0828;Oss
1-1-2003;2003;GM0902;GM1711;GM1711;Echt-Susteren
1-1-2003;2003;GM0974;GM1711;GM1711;Echt-Susteren
1-1-2003;2003;GM1698;GM1714;GM1714;Sluis
15-3-2003;2003;GM0178;GM1742;GM1742;Rijssen-Holten
1-4-2003;2003;GM0258;GM1740;GM1740;Neder-Betuwe
1-1-2004;2004;GM0519;GM1783;GM1783;Westland
1-1-2004;2004;GM0552;GM1783;GM1783;Westland
1-1-2004;2004;GM0555;GM1842;GM1842;Midden-Delfland
1-1-2004;2004;GM0562;GM1783;GM1783;Westland
1-1-2004;2004;GM0565;GM1783;GM1783;Westland
1-1-2004;2004;GM0607;GM1842;GM1842;Midden-Delfland
1-1-2004;2004;GM0630;GM1783;GM1783;Westland
1-1-2004;2004;GM0781;GM1771;GM1771;Geldrop-Mierlo
1-1-2004;2004;GM0814;GM1771;GM1771;Geldrop-Mierlo
1-1-2005;2005;GM0144;GM0150;GM0150;Deventer
1-1-2005;2005;GM0199;GM0299;GM0299;Zevenaar
1-1-2005;2005;GM0207;GM1955;GM1955;Montferland
1-1-2005;2005;GM0211;GM1859;GM1859;Berkelland
1-1-2005;2005;GM0218;GM1955;GM1955;Montferland
1-1-2005;2005;GM0219;GM0197;GM0197;Aalten
1-1-2005;2005;GM0229;GM1859;GM1859;Berkelland
1-1-2005;2005;GM0237;GM1509;GM1509;Oude IJsselstreek
1-1-2005;2005;GM0239;GM0262;GM0262;Lochem
1-1-2005;2005;GM0248;GM1876;GM1876;Bronckhorst
1-1-2005;2005;GM0256;GM1876;GM1876;Bronckhorst
1-1-2005;2005;GM0260;GM0240;GM1586;Oost Gelre
1-1-2005;2005;GM0266;GM1859;GM1859;Berkelland
1-1-2005;2005;GM0278;GM1859;GM1859;Berkelland
1-1-2005;2005;GM0280;GM1876;GM1876;Bronckhorst
1-1-2005;2005;GM0286;GM1876;GM1876;Bronckhorst
1-1-2005;2005;GM0291;GM0301;GM0301;Zutphen
1-1-2005;2005;GM0292;GM0222;GM0222;Doetinchem
1-1-2005;2005;GM0295;GM1509;GM1509;Oude IJsselstreek
1-1-2005;2005;GM0298;GM1876;GM1876;Bronckhorst
1-1-2006;2006;GM0306;GM1581;GM1581;Utrechtse Heuvelrug
1-1-2006;2006;GM0315;GM1581;GM1581;Utrechtse Heuvelrug
1-1-2006;2006;GM0316;GM1581;GM1581;Utrechtse Heuvelrug
1-1-2006;2006;GM0326;GM1581;GM1581;Utrechtse Heuvelrug
1-1-2006;2006;GM0332;GM1581;GM1581;Utrechtse Heuvelrug
1-1-2006;2006;GM0454;GM0498;GM0498;Drechterland
1-1-2006;2006;GM0602;GM0537;GM0537;Katwijk
1-1-2006;2006;GM0604;GM1525;GM1525;Teylingen
1-1-2006;2006;GM0619;GM0537;GM0537;Katwijk
1-1-2006;2006;GM0625;GM1525;GM1525;Teylingen
1-1-2006;2006;GM0628;GM1525;GM1525;Teylingen
19-5-2006;2006;GM0240;GM1586;GM1586;Oost Gelre
1-1-2007;2007;GM0429;GM1598;GM1598;Koggenland
1-1-2007;2007;GM0466;GM0420;GM0420;Medemblik
1-1-2007;2007;GM0480;GM0569;GM0569;Nieuwkoop
1-1-2007;2007;GM0492;GM1621;GM1621;Lansingerland
1-1-2007;2007;GM0493;GM1621;GM1621;Lansingerland
1-1-2007;2007;GM0495;GM1621;GM1621;Lansingerland
1-1-2007;2007;GM0517;GM0585;GM0585;Binnenmaas
1-1-2007;2007;GM0529;GM0420;GM0420;Medemblik
1-1-2007;2007;GM0558;GM1598;GM1598;Koggenland
1-1-2007;2007;GM0914;GM1640;GM1640;Leudal
1-1-2007;2007;GM0920;GM1640;GM1640;Leudal
1-1-2007;2007;GM0925;GM1640;GM1640;Leudal
1-1-2007;2007;GM0933;GM1641;GM1641;Maasgouw
1-1-2007;2007;GM0975;GM0957;GM0957;Roermond
1-1-2007;2007;GM0977;GM1641;GM1641;Maasgouw
1-1-2007;2007;GM1670;GM1640;GM1640;Leudal
1-1-2007;2007;GM1673;GM0569;GM0569;Nieuwkoop
1-1-2007;2007;GM1679;GM1669;GM1669;Roerdalen
1-1-2007;2007;GM1937;GM1641;GM1641;Maasgouw
1-1-2009;2009;GM0065;GM1891;GM1891;Dantumadiel
1-1-2009;2009;GM0372;GM0377;GM0377;Bloemendaal
1-1-2009;2009;GM0483;GM1884;GM1884;Kaag en Braassem
1-1-2009;2009;GM0645;GM1884;GM1884;Kaag en Braassem
1-1-2010;2010;GM0039;GM1895;GM1895;Oldambt
1-1-2010;2010;GM0052;GM1895;GM1895;Oldambt
1-1-2010;2010;GM0563;GM1892;GM1892;Zuidplas
1-1-2010;2010;GM0567;GM1892;GM1892;Zuidplas
1-1-2010;2010;GM0885;GM0983;GM0983;Venlo
1-1-2010;2010;GM0918;GM1894;GM1894;Peel en Maas
1-1-2010;2010;GM0929;GM1894;GM1894;Peel en Maas
1-1-2010;2010;GM0934;GM1894;GM1894;Peel en Maas
1-1-2010;2010;GM0941;GM1894;GM1894;Peel en Maas
1-1-2010;2010;GM0964;GM1507;GM1507;Horst aan de Maas
1-1-2010;2010;GM0993;GM0984;GM0984;Venray
1-1-2010;2010;GM1661;GM1895;GM1895;Oldambt
1-1-2010;2010;GM1666;GM1892;GM1892;Zuidplas
18-3-2010;2010;GM0600;GM0599;GM0599;Rotterdam
1-1-2011;2011;GM0064;GM1900;GM1900;Súdwest-Fryslân
1-1-2011;2011;GM0083;GM1908;GM1908;Menameradiel
1-1-2011;2011;GM0091;GM1900;GM1900;Súdwest-Fryslân
1-1-2011;2011;GM0104;GM1900;GM1900;Súdwest-Fryslân
1-1-2011;2011;GM0305;GM0736;GM0736;De Ronde Venen
1-1-2011;2011;GM0311;GM1904;GM1904;Stichtse Vecht
1-1-2011;2011;GM0329;GM1904;GM1904;Stichtse Vecht
1-1-2011;2011;GM0333;GM1904;GM1904;Stichtse Vecht
1-1-2011;2011;GM0364;GM0420;GM0420;Medemblik
1-1-2011;2011;GM0459;GM0420;GM0420;Medemblik
1-1-2011;2011;GM0497;GM1901;GM1901;Bodegraven-Reeuwijk
1-1-2011;2011;GM0595;GM1901;GM1901;Bodegraven-Reeuwijk
1-1-2011;2011;GM0683;GM1900;GM1900;Súdwest-Fryslân
1-1-2011;2011;GM0710;GM1900;GM1900;Súdwest-Fryslân
1-1-2011;2011;GM0808;GM0828;GM0828;Oss
1-1-2011;2011;GM0905;GM1903;GM1903;Eijsden-Margraten
1-1-2011;2011;GM0936;GM1903;GM1903;Eijsden-Margraten
1-1-2012;2012;GM0366;GM1911;GM1911;Hollands Kroon
1-1-2012;2012;GM0412;GM1911;GM1911;Hollands Kroon
1-1-2012;2012;GM0462;GM1911;GM1911;Hollands Kroon
1-1-2012;2012;GM0463;GM1911;GM1911;Hollands Kroon
1-1-2013;2013;GM0395;GM0441;GM0441;Schagen
1-1-2013;2013;GM0476;GM0441;GM0441;Schagen
1-1-2013;2013;GM0504;GM1924;GM1924;Goeree-Overflakkee
1-1-2013;2013;GM0511;GM1924;GM1924;Goeree-Overflakkee
1-1-2013;2013;GM0559;GM1924;GM1924;Goeree-Overflakkee
1-1-2013;2013;GM0571;GM1927;GM1927;Molenwaard
1-1-2013;2013;GM0580;GM1924;GM1924;Goeree-Overflakkee
1-1-2013;2013;GM0693;GM1927;GM1927;Molenwaard
1-1-2013;2013;GM0694;GM1927;GM1927;Molenwaard
1-1-2014;2014;GM0051;GM1921;GM1940;De Fryske Marren
1-1-2014;2014;GM0055;GM0080;GM0080;Leeuwarden
1-1-2014;2014;GM0082;GM1921;GM1940;De Fryske Marren
1-1-2014;2014;GM0499;GM0484;GM0484;Alphen aan den Rijn
1-1-2014;2014;GM0653;GM1921;GM1940;De Fryske Marren
1-1-2014;2014;GM1672;GM0484;GM0484;Alphen aan den Rijn
01-01-1832;1832;GM1311;GM0554;GM0585;Binnenmaas
01-01-1832;1832;GM1320;GM1152;GM0599;Rotterdam
01-01-1832;1832;GM1372;GM0554;GM0585;Binnenmaas
01-01-1833;1833;GM1308;GM1215;GM0503;Delft
01-01-1833;1833;GM1330;GM1082;GM0503;Delft
01-01-1833;1833;GM1331;GM0577;GM1926;Pijnacker-Nootdorp
01-01-1833;1833;GM1349;GM0577;GM1926;Pijnacker-Nootdorp
01-01-1834;1834;GM1323;GM0444;GM0373;Bergen (Noord-Holland)
01-01-1835;1835;GM1353;GM1135;GM0718;Vlissingen
01-01-1835;1835;GM1395;GM1135;GM0718;Vlissingen
01-01-1837;1837;GM1352;GM1134;GM0489;Barendrecht
01-01-1837;1837;GM1394;GM1134;GM0489;Barendrecht
01-01-1841;1841;GM1387;GM0346;GM0736;De Ronde Venen
01-01-1841;1841;GM1391;GM0480;GM0569;Nieuwkoop
01-01-1841;1841;GM1393;GM0346;GM0736;De Ronde Venen
01-01-1842;1842;GM0477;GM0592;GM0613;Albrandswaard
01-01-1846;1846;GM1305;GM0490;GM1945;Berg en Dal
01-01-1846;1846;GM1362;GM1258;GM0597;Ridderkerk
01-01-1846;1846;GM1364;GM0594;GM1926;Pijnacker-Nootdorp
01-01-1846;1846;GM1380;GM1258;GM0597;Ridderkerk
01-01-1846;1846;GM1388;GM0521;GM1931;Krimpenerwaard
01-01-1846;1846;GM1403;GM0499;GM0484;Alphen aan den Rijn
01-01-1848;1848;GM1309;GM1221;GM0363;Amsterdam
01-01-1848;1848;GM1316;GM0430;GM0385;Edam-Volendam
01-01-1868;1868;GM1139;GM0606;GM0606;Schiedam
01-01-1874;1874;GM1093;GM1037;GM0599;Rotterdam
01-01-1878;1878;GM1018;GM0702;GM0703;Reimerswaal
01-01-1878;1878;GM1161;GM0702;GM0703;Reimerswaal
01-07-1831;1831;GM1313;GM0239;GM0262;Lochem
01-07-1870;1870;GM1030;GM0627;GM0627;Waddinxveen
01-07-1870;1870;GM1125;GM0627;GM0627;Waddinxveen
01-07-1870;1870;GM1182;GM0595;GM1901;Bodegraven-Reeuwijk
01-07-1870;1870;GM1194;GM0595;GM1901;Bodegraven-Reeuwijk
01-07-1870;1870;GM1239;GM0627;GM0627;Waddinxveen
01-09-1855;1855;GM1258;GM0597;GM0597;Ridderkerk
01-09-1855;1855;GM1262;GM0496;GM1927;Molenwaard
01-09-1855;1855;GM1301;GM1215;GM0503;Delft
01-09-1855;1855;GM1303;GM0569;GM0569;Nieuwkoop
01-09-1855;1855;GM1304;GM1215;GM0503;Delft
01-09-1855;1855;GM1307;GM0509;GM1930;Nissewaard
01-09-1855;1855;GM1319;GM0528;GM0585;Binnenmaas
01-09-1855;1855;GM1322;GM1082;GM0503;Delft
01-09-1855;1855;GM1328;GM0607;GM1842;Midden-Delfland
01-09-1855;1855;GM1329;GM0496;GM1927;Molenwaard
01-09-1855;1855;GM1332;GM0490;GM1945;Berg en Dal
01-09-1855;1855;GM1333;GM0633;GM1884;Kaag en Braassem
01-09-1855;1855;GM1343;GM0642;GM0642;Zwijndrecht
01-09-1855;1855;GM1344;GM0595;GM1901;Bodegraven-Reeuwijk
01-09-1855;1855;GM1346;GM0598;GM0614;Westvoorne
01-09-1855;1855;GM1348;GM1096;GM0606;Schiedam
01-09-1855;1855;GM1356;GM1118;GM0530;Hellevoetsluis
01-09-1855;1855;GM1365;GM0531;GM0531;Hendrik-Ido-Ambacht
01-09-1855;1855;GM1371;GM0509;GM1930;Nissewaard
01-09-1855;1855;GM1373;GM0607;GM1842;Midden-Delfland
01-09-1855;1855;GM1375;GM0533;GM0733;Lingewaal
01-09-1855;1855;GM1378;GM0542;GM0542;Krimpen aan den IJssel
01-09-1855;1855;GM1381;GM0617;GM0617;Strijen
01-09-1855;1855;GM1400;GM1210;GM0622;Vlaardingen
02-01-1879;1879;GM1200;GM1171;GM0971;Stein (Limburg)
02-10-1857;1857;GM1317;GM1214;GM0717;Veere
02-10-1857;1857;GM1326;GM0670;GM0654;Borsele
02-10-1857;1857;GM1339;GM0649;GM0687;Middelburg (Zeeland)
04-04-1866;1866;GM1025;GM1236;GM1676;Schouwen-Duiveland
06-09-1881;1881;GM1066;GM0642;GM0642;Zwijndrecht
08-09-1857;1857;GM1302;GM0328;GM0335;Montfoort
08-09-1857;1857;GM1306;GM0397;GM0397;Heemstede
08-09-1857;1857;GM1310;GM1226;GM0331;Lopik
08-09-1857;1857;GM1312;GM0326;GM1581;Utrechtse Heuvelrug
08-09-1857;1857;GM1314;GM0320;GM0307;Amersfoort
08-09-1857;1857;GM1318;GM0318;GM0632;Woerden
08-09-1857;1857;GM1321;GM0323;GM0632;Woerden
08-09-1857;1857;GM1325;GM0393;GM0393;Haarlemmerliede en Spaarnwoude
08-09-1857;1857;GM1335;GM0323;GM0632;Woerden
08-09-1857;1857;GM1336;GM0323;GM0632;Woerden
08-09-1857;1857;GM1342;GM0333;GM1904;Stichtse Vecht
08-09-1857;1857;GM1350;GM0338;GM0331;Lopik
08-09-1857;1857;GM1355;GM0321;GM0321;Houten
08-09-1857;1857;GM1357;GM0350;GM0736;De Ronde Venen
08-09-1857;1857;GM1359;GM1028;GM1904;Stichtse Vecht
08-09-1857;1857;GM1360;GM0312;GM0312;Bunnik
08-09-1857;1857;GM1368;GM1157;GM0363;Amsterdam
08-09-1857;1857;GM1370;GM0321;GM0321;Houten
08-09-1857;1857;GM1374;GM0393;GM0393;Haarlemmerliede en Spaarnwoude
08-09-1857;1857;GM1377;GM1048;GM1581;Utrechtse Heuvelrug
08-09-1857;1857;GM1382;GM0323;GM0632;Woerden
08-09-1857;1857;GM1392;GM0308;GM0308;Baarn
08-09-1857;1857;GM1397;GM0387;GM0373;Bergen (Noord-Holland)
08-09-1857;1857;GM1398;GM0328;GM0335;Montfoort
08-09-1857;1857;GM1399;GM1226;GM0331;Lopik
08-09-1857;1857;GM1401;GM0338;GM0331;Lopik
10-07-1859;1859;GM1369;GM0166;GM0166;Kampen
15-03-1887;1887;GM1162;GM0978;GM0882;Landgraaf
15-04-1857;1857;GM1345;GM0507;GM0505;Dordrecht
15-04-1857;1857;GM1396;GM0507;GM0505;Dordrecht
15-07-1877;1877;GM0715;GM0715;GM0715;Terneuzen
15-07-1879;1879;GM1056;GM0740;GM0874;Woudrichem
15-08-1855;1855;GM1383;GM0493;GM1621;Lansingerland
15-08-1855;1855;GM1385;GM0534;GM0534;Hillegom
15-08-1855;1855;GM1390;GM0483;GM1884;Kaag en Braassem
19-08-1857;1857;GM1327;GM1066;GM0642;Zwijndrecht
19-08-1857;1857;GM1337;GM1066;GM0642;Zwijndrecht
19-08-1857;1857;GM1338;GM0526;GM0642;Zwijndrecht
19-08-1857;1857;GM1340;GM0582;GM1927;Molenwaard
19-08-1857;1857;GM1347;GM1154;GM0689;Giessenlanden
19-08-1857;1857;GM1351;GM1113;GM1924;Goeree-Overflakkee
19-08-1857;1857;GM1358;GM1075;GM1901;Bodegraven-Reeuwijk
19-08-1857;1857;GM1363;GM1113;GM1924;Goeree-Overflakkee
19-08-1857;1857;GM1402;GM0491;GM1931;Krimpenerwaard
22-05-1854;1854;GM1341;GM0283;GM1734;Overbetuwe
22-05-1854;1854;GM1386;GM0259;GM0262;Lochem
22-09-1863;1863;GM1087;GM0393;GM0393;Haarlemmerliede en Spaarnwoude
22-09-1863;1863;GM1241;GM0393;GM0393;Haarlemmerliede en Spaarnwoude
28-02-1895;1895;GM1037;GM0599;GM0599;Rotterdam
28-02-1895;1895;GM1099;GM0599;GM0599;Rotterdam
30-01-1886;1886;GM1040;GM0599;GM0599;Rotterdam
31-05-1854;1854;GM1324;GM0368;GM1598;Koggenland
31-05-1854;1854;GM1334;GM0549;GM1884;Kaag en Braassem
31-05-1854;1854;GM1361;GM1249;GM0362;Amstelveen
31-05-1854;1854;GM1366;GM0371;GM0385;Edam-Volendam
31-05-1854;1854;GM1367;GM0368;GM1598;Koggenland
31-05-1854;1854;GM1384;GM0398;GM0398;Heerhugowaard
31-07-1880;1880;GM1073;GM0713;GM1714;Sluis
31-07-1880;1880;GM1177;GM0713;GM1714;Sluis
1-1-2016;2016;GM0424;GM1942;GM1942;Gooise Meren
1-1-2016;2016;GM0425;GM1942;GM1942;Gooise Meren
1-1-2016;2016;GM0241;GM1945;GM1945;Berg en Dal
1-1-2015;2015;GM0608;GM1931;GM1931;Krimpenerwaard
1-1-2015;2015;GM0282;GM0241;GM1945;Berg en Dal
1-1-2016;2016;GM0381;GM1942;GM1942;Gooise Meren
1-1-2016;2016;GM0478;GM0385;GM0385;Edam-Volendam
1-1-2015;2015;GM0458;GM0361;GM0361;Alkmaar
1-1-2015;2015;GM0365;GM0361;GM0361;Alkmaar
1-1-2015;2015;GM0491;GM1931;GM1931;Krimpenerwaard
1-1-2015;2015;GM0568;GM1930;GM1930;Nissewaard
1-1-2015;2015;GM0623;GM1931;GM1931;Krimpenerwaard
1-1-2015;2015;GM0643;GM1931;GM1931;Krimpenerwaard
1-1-2015;2015;GM1671;GM0796;GM0796;'s-Hertogenbosch
1-1-2015;2015;GM0612;GM1930;GM1930;Nissewaard
1-1-2017;2017;GM0844;GM1948;GM1948;Meierijstad
1-1-2017;2017;GM0846;GM1948;GM1948;Meierijstad
1-1-2017;2017;GM0860;GM1948;GM1948;Meierijstad
1-1-2016;2016;GM1945;GM1945;GM1945;Berg en Dal
1-6-2015;2015;GM1921;GM1940;GM1940;De Fryske Marren
1-1-2015;2015;GM0265;GM0241;GM1945;Berg en Dal
1-1-2015;2015;GM0644;GM1931;GM1931;Krimpenerwaard
1-1-2014;2014;GM0055;GM0080;GM0080;Leeuwarden
