Regionale kerncijfers Nederland;;;;;;;;;;;;;;;;;;;;;;;;;;;;;;;;
;Onderwerpen;Bevolking;Bevolking;Bevolking;Bevolking;Bevolking;Bevolking;Bevolking;Bevolking;Bevolking;Bevolking;Bevolking;Bevolking;Bevolking;Bevolking;Bevolking;Bevolking;Bevolking;Bevolking;Bevolking;Bevolking;Bevolking;Bevolking;Bevolking;Bevolking;Bevolking;Bevolking;Bevolking;Bevolking;Bevolking;Bevolking;Bevolking
;Onderwerpen;Bevolkingssamenstelling op 1 januari;Bevolkingssamenstelling op 1 januari;Bevolkingssamenstelling op 1 januari;Bevolkingssamenstelling op 1 januari;Bevolkingssamenstelling op 1 januari;Bevolkingssamenstelling op 1 januari;Bevolkingssamenstelling op 1 januari;Bevolkingssamenstelling op 1 januari;Bevolkingssamenstelling op 1 januari;Bevolkingssamenstelling op 1 januari;Bevolkingssamenstelling op 1 januari;Bevolkingssamenstelling op 1 januari;Bevolkingssamenstelling op 1 januari;Bevolkingssamenstelling op 1 januari;Bevolkingssamenstelling op 1 januari;Bevolkingssamenstelling op 1 januari;Bevolkingssamenstelling op 1 januari;Bevolkingssamenstelling op 1 januari;Bevolkingssamenstelling op 1 januari;Bevolkingssamenstelling op 1 januari;Bevolkingssamenstelling op 1 januari;Bevolkingssamenstelling op 1 januari;Bevolkingssamenstelling op 1 januari;Bevolkingssamenstelling op 1 januari;Bevolkingssamenstelling op 1 januari;Bevolkingsontwikkeling;Particuliere huishoudens;Particuliere huishoudens;Particuliere huishoudens;Particuliere huishoudens;Particuliere huishoudens
;Onderwerpen;Totale bevolking;Geslacht;Geslacht;Leeftijd;Leeftijd;Leeftijd;Leeftijd;Leeftijd;Leeftijd;Leeftijd;Leeftijd;Leeftijd;Burgerlijke staat;Burgerlijke staat;Burgerlijke staat;Burgerlijke staat;Herkomstgroepering;Herkomstgroepering;Herkomstgroepering;Herkomstgroepering;Herkomstgroepering;Herkomstgroepering;Herkomstgroepering;Herkomstgroepering;Herkomstgroepering;Bevolkingsgroei;Particuliere huishoudens;Particuliere huishoudens;Particuliere huishoudens;Particuliere huishoudens;Gemiddelde huishoudensgrootte
;Onderwerpen;Totale bevolking;Mannen;Vrouwen;Leeftijdsgroepen;Leeftijdsgroepen;Leeftijdsgroepen;Leeftijdsgroepen;Leeftijdsgroepen;Leeftijdsgroepen;Leeftijdsgroepen;Leeftijdsgroepen;Leeftijdsgroepen;Totale bevolking;Totale bevolking;Totale bevolking;Totale bevolking;Herkomstgroepering;Herkomstgroepering;Herkomstgroepering;Herkomstgroepering;Herkomstgroepering;Herkomstgroepering;Herkomstgroepering;Herkomstgroepering;Herkomstgroepering;Gemiddeld aantal inwoners;Totaal aantal particuliere huishoudens;Eenpersoonshuishoudens;Huishoudens zonder kinderen;Huishoudens met kinderen;Gemiddelde huishoudensgrootte
;Onderwerpen;Totale bevolking;Mannen;Vrouwen;Jonger dan 5 jaar;5 tot 10 jaar;10 tot 15 jaar;15 tot 20 jaar;20 tot 25 jaar;25 tot 45 jaar;45 tot 65 jaar;65 tot 80 jaar;80 jaar of ouder;Ongehuwd;Gehuwd;Gescheiden;Verweduwd;Autochtonen;Allochtonen;Allochtonen;Allochtonen;Allochtonen;Allochtonen;Allochtonen;Allochtonen;Allochtonen;Gemiddeld aantal inwoners;Totaal aantal particuliere huishoudens;Eenpersoonshuishoudens;Huishoudens zonder kinderen;Huishoudens met kinderen;Gemiddelde huishoudensgrootte
;Onderwerpen;Totale bevolking;Mannen;Vrouwen;Jonger dan 5 jaar;5 tot 10 jaar;10 tot 15 jaar;15 tot 20 jaar;20 tot 25 jaar;25 tot 45 jaar;45 tot 65 jaar;65 tot 80 jaar;80 jaar of ouder;Ongehuwd;Gehuwd;Gescheiden;Verweduwd;Autochtonen;Totaal allochtonen;Westerse allochtonen;Niet-westerse allochtonen;Niet-westerse allochtonen;Niet-westerse allochtonen;Niet-westerse allochtonen;Niet-westerse allochtonen;Niet-westerse allochtonen;Gemiddeld aantal inwoners;Totaal aantal particuliere huishoudens;Eenpersoonshuishoudens;Huishoudens zonder kinderen;Huishoudens met kinderen;Gemiddelde huishoudensgrootte
;Onderwerpen;Totale bevolking;Mannen;Vrouwen;Jonger dan 5 jaar;5 tot 10 jaar;10 tot 15 jaar;15 tot 20 jaar;20 tot 25 jaar;25 tot 45 jaar;45 tot 65 jaar;65 tot 80 jaar;80 jaar of ouder;Ongehuwd;Gehuwd;Gescheiden;Verweduwd;Autochtonen;Totaal allochtonen;Westerse allochtonen;Totaal niet-westerse allochtonen;Marokko;(Voormalige) Ned. Antillen en Aruba;Suriname;Turkije;Overige niet-westerse allochtonen;Gemiddeld aantal inwoners;Totaal aantal particuliere huishoudens;Eenpersoonshuishoudens;Huishoudens zonder kinderen;Huishoudens met kinderen;Gemiddelde huishoudensgrootte
Regio's;Perioden;aantal;aantal;aantal;aantal;aantal;aantal;aantal;aantal;aantal;aantal;aantal;aantal;aantal;aantal;aantal;aantal;aantal;aantal;aantal;aantal;aantal;aantal;aantal;aantal;aantal;aantal;aantal;aantal;aantal;aantal;personen per 1 huishouden
Nederland;2006;16334210;8077407;8256803;988152;998577;997855;991042;964744;4739793;4323588;1743443;587016;7499312;6964100;995902;874896;13186595;3147615;1427565;1720050;323239;129683;331890;364333;570905;16346101;7146088;2502084;2114857;2529147;2.26
Aa en Hunze;2006;25507;12618;12889;1422;1592;1621;1359;851;6123;8078;3373;1088;10033;12613;1150;1711;24210;1297;970;327;7;28;78;15;199;25535;10496;2586;4076;3834;2.39
Aalburg;2006;12222;6138;6084;879;949;956;866;739;3442;2881;1124;386;5406;5902;336;578;11760;462;329;133;11;6;24;6;86;12257.5;4214;850;1227;2137;2.87
Aalsmeer;2006;24145;12024;12121;1467;1398;1540;1355;1096;6794;6787;2821;887;10326;11301;1231;1287;21018;3127;2038;1089;289;40;189;37;534;24582;10012;2787;3352;3873;2.39
Aalten;2006;27476;13738;13738;1611;1753;1817;1711;1303;7521;7450;3236;1074;11986;12861;867;1762;24059;3417;2593;824;11;8;52;352;401;27523;10928;2938;3587;4403;2.48
Ter Aar;2006;8988;4565;4423;479;620;677;689;524;2263;2636;864;236;3967;4296;329;396;8367;621;382;239;71;16;34;8;110;8976;3318;707;1068;1543;2.69
Abcoude;2006;8670;4265;4405;631;707;615;515;262;2217;2407;1063;253;3853;3996;430;391;7350;1320;903;417;5;42;94;10;266;8660.5;3450;921;1050;1479;2.51
Achtkarspelen;2006;28223;14327;13896;1903;1813;1747;1891;1701;7787;7484;3030;867;12489;13045;1125;1564;27381;842;573;269;14;16;21;9;209;28183;11170;2844;3538;4788;2.51
Alblasserdam;2006;18426;8966;9460;1338;1256;1259;1103;986;5045;4442;2217;780;7516;8883;796;1231;16081;2345;1265;1080;117;64;74;547;278;18546;7338;2034;2287;3017;2.49
Albrandswaard;2006;21059;10510;10549;1395;1359;1367;1233;799;6325;5888;2083;610;8943;10089;1128;899;18056;3003;1520;1483;94;119;653;159;458;21291;8246;1836;2832;3578;2.49
Alkemade;2006;14512;7315;7197;874;962;1042;947;813;3917;4043;1502;412;6604;6652;584;672;13590;922;549;373;53;22;49;8;241;14524;5566;1372;1696;2498;2.6
Alkmaar;2006;94455;46325;48130;5632;5107;5451;5777;5999;28768;25265;9121;3335;45849;36349;7675;4582;73947;20508;9247;11261;1690;1136;1412;2752;4271;94314.5;43564;16993;12069;14502;2.14
Almelo;2006;72048;35628;36420;4672;4564;4369;4467;4130;20939;18424;7995;2488;31846;31464;4390;4348;55414;16634;7075;9559;504;270;299;5874;2612;72072;30718;9833;9368;11517;2.32
Almere;2006;178466;88519;89947;14108;13718;13558;12503;11147;59892;40790;9975;2775;90524;69619;13462;4861;116576;61890;17063;44827;5682;4208;18534;2816;13587;179695;71633;19731;18157;33745;2.48
Alphen aan den Rijn;2006;70955;34994;35961;4521;4564;4552;4418;4147;21882;18773;6194;1904;33070;30726;4177;2982;57460;13495;6256;7239;1793;699;1264;835;2648;71027.5;29392;8862;9022;11508;2.37
Alphen-Chaam;2006;9491;4803;4688;551;613;672;564;449;2418;2838;1107;279;3927;4791;314;459;8311;1180;1043;137;3;12;6;2;114;9476;3622;752;1263;1607;2.62
Ambt Montfort;2006;10998;5472;5526;522;571;632;614;527;2792;3556;1379;405;4158;5677;485;678;9510;1488;1329;159;14;11;14;1;119;10953.5;4440;998;1669;1773;2.43
Ameland;2006;3475;1757;1718;206;244;224;137;171;975;1011;371;136;1556;1577;143;199;3280;195;148;47;3;5;1;0;38;3467.5;1485;498;441;546;2.31
Amersfoort;2006;136999;66944;70055;10440;9781;8640;7745;7248;45426;31685;11508;4526;67005;54902;8886;6206;106910;30089;11614;18475;3983;1623;1500;5589;5780;138026.5;58880;20810;16083;21987;2.3
Amstelveen;2006;78774;37312;41462;4172;4636;4461;4119;4459;21655;20601;10253;4418;36376;31877;5345;5176;55247;23527;13848;9679;645;723;2005;460;5846;78859.5;38246;16835;9873;11538;2.04
Amsterdam;2006;743079;366128;376951;46267;37879;34529;37748;53057;274517;175198;59346;24538;438840;201034;72076;31129;383081;359998;104899;255099;65462;11346;69624;38339;70328;742981.5;410201;228580;81737;99884;1.8
Andijk;2006;6470;3316;3154;394;432;411;426;342;1678;1997;618;172;2811;3057;321;281;5941;529;373;156;3;9;26;4;114;6531.5;2583;681;867;1035;2.49
Anna Paulowna;2006;14022;7080;6942;892;993;979;936;731;3950;3914;1296;331;6049;6682;690;601;12927;1095;720;375;7;74;54;15;225;14015.5;5525;1349;1841;2335;2.53
Apeldoorn;2006;156051;76639;79412;9239;9321;9520;9365;7966;43346;42872;18028;6394;67837;69177;9688;9349;132889;23162;12304;10858;744;1009;950;3963;4192;155807.5;66388;21534;21147;23707;2.3
Appingedam;2006;12291;5998;6293;658;671;665;672;635;3207;3457;1662;664;4971;5656;754;910;10812;1479;947;532;52;25;77;221;157;12239;5481;1747;1897;1837;2.21
Arcen en Velden;2006;8864;4443;4421;450;542;592;594;409;2268;2748;1019;242;3578;4444;373;469;7598;1266;1139;127;6;5;4;14;98;8822;3561;842;1274;1445;2.49
Arnhem;2006;142195;70245;71950;8353;7698;7203;7739;10962;48308;33805;12996;5131;75838;48139;11138;7080;101625;40570;16111;24459;2786;2076;3052;7762;8783;142382;70869;32682;18367;19820;1.97
Assen;2006;63383;30925;32458;4250;4186;4059;3802;3267;18548;16287;6479;2505;29541;26453;4030;3359;54655;8728;5173;3555;250;277;422;354;2252;63887;27108;9043;8231;9834;2.28
Asten;2006;16299;8287;8012;1019;1027;1173;1044;835;4349;4618;1762;472;7102;7813;600;784;15270;1029;625;404;109;9;36;8;242;16336.5;6266;1527;2071;2668;2.57
Baarle-Nassau;2006;6648;3388;3260;302;295;383;359;316;1654;2105;977;257;2580;3276;369;423;4955;1693;1603;90;5;5;7;6;67;6661;2827;860;990;977;2.31
Baarn;2006;24513;11728;12785;1375;1413;1422;1335;1099;6382;7071;3072;1344;10753;10432;1697;1631;20788;3725;2195;1530;189;129;113;410;689;24444;10710;3925;3268;3517;2.19
Barendrecht;2006;41249;20502;20747;3231;2962;2754;2482;1727;13075;10184;3694;1140;18026;19682;1923;1618;34930;6319;2817;3502;444;228;1313;572;945;42146.5;16010;3480;5288;7242;2.57
Barneveld;2006;50448;25114;25334;3816;4007;4009;4028;3328;13408;11664;4765;1423;23039;23545;1545;2319;46754;3694;2046;1648;213;39;110;672;614;50700.5;17878;4410;5230;8238;2.79
Bedum;2006;10675;5367;5308;653;682;804;761;497;2738;3126;1040;374;4729;5031;400;515;10113;562;418;144;5;16;20;3;100;10638;4151;1081;1357;1713;2.5
Beek (L.);2006;16926;8311;8615;788;1022;1047;1033;763;4291;5154;2260;568;6542;8403;901;1080;14596;2330;1790;540;165;29;23;46;277;16821.5;7194;2000;2467;2727;2.34
Beemster;2006;8515;4282;4233;484;572;604;505;405;2153;2534;977;281;3794;3938;364;419;7832;683;500;183;5;10;30;9;129;8495.5;3373;862;1142;1369;2.5
Beesel;2006;13521;6778;6743;799;845;814;802;697;3748;3917;1525;374;5513;6670;632;706;11407;2114;1483;631;355;34;14;72;156;13583.5;5457;1249;1921;2287;2.47
Bellingwedde;2006;9740;4901;4839;438;511;552;555;404;2379;3110;1327;464;3656;4830;540;714;8515;1225;857;368;1;6;26;11;324;9627;4299;1281;1574;1444;2.25
Bennebroek;2006;5131;2408;2723;252;305;334;257;132;1037;1498;949;367;1972;2425;348;386;4474;657;514;143;12;33;11;1;86;5143.5;2116;624;760;732;2.29
Bergambacht;2006;9398;4629;4769;655;653;618;626;507;2361;2559;1100;319;3884;4681;326;507;8787;611;369;242;103;11;8;2;118;9440;3646;879;1286;1481;2.57
Bergeijk;2006;18060;9160;8900;1065;1251;1221;1110;851;4822;5155;2129;456;7441;9072;661;886;16478;1582;1304;278;15;8;19;16;220;18077;6933;1541;2403;2989;2.6
Bergen (L.);2006;13612;6794;6818;714;879;908;855;605;3660;3971;1584;436;5637;6565;612;798;11428;2184;1932;252;26;6;20;6;194;13586.5;5371;1240;1845;2286;2.53
Bergen (NH.);2006;31505;15285;16220;1408;1754;1943;1734;1268;6890;10129;4627;1752;12972;14245;2155;2133;27934;3571;2851;720;15;57;95;12;541;31418.5;13658;4524;4518;4616;2.24
Bergen op Zoom;2006;65767;32476;33291;3641;3897;4045;3998;3356;18526;18372;7416;2516;27251;29973;4568;3975;51732;14035;5726;8309;2827;226;494;3175;1587;65603.5;28488;9129;9143;10216;2.28
Bergschenhoek;2006;16606;8269;8337;1563;1550;1253;882;533;5695;3640;1207;283;7681;7752;678;495;14276;2330;1184;1146;200;64;319;167;396;16650;5971;1116;1719;3136;2.75
Berkel en Rodenrijs;2006;19184;9601;9583;1321;1354;1243;1196;903;5632;5070;1934;531;8447;9003;895;839;16848;2336;1188;1148;252;83;287;64;462;20020;7467;1704;2580;3183;2.54
Berkelland;2006;45294;22821;22473;2726;2788;2906;2760;1934;11892;13053;5593;1642;18859;22053;1481;2901;41993;3301;2274;1027;147;59;57;216;548;45253.5;17734;4258;6276;7200;2.51
Bernheze;2006;29544;14876;14668;1936;2134;1956;1992;1527;8063;8056;3090;790;13021;14124;979;1420;27768;1776;1303;473;3;42;67;86;275;29594;10850;2266;3567;5017;2.68
Bernisse;2006;12673;6350;6323;687;789;779;793;601;3435;3817;1390;382;5055;6427;586;605;11672;1001;737;264;6;25;30;4;199;12671;5105;1145;1900;2060;2.47
Best;2006;29026;14470;14556;2023;2052;1953;1728;1374;8749;7591;2940;616;12430;13951;1473;1172;25318;3708;2182;1526;97;106;136;613;574;29016;11480;2762;3779;4939;2.52
Beuningen;2006;25078;12576;12502;1511;1741;1902;1702;1147;7094;7095;2270;616;11003;11648;1304;1123;22324;2754;1893;861;46;121;144;99;451;25154.5;9685;2256;2958;4471;2.56
Beverwijk;2006;36546;17917;18629;2225;2178;2015;1982;1782;10919;9355;4393;1697;16115;15392;2641;2398;29471;7075;3532;3543;279;110;254;1582;1318;36690.5;16510;5942;4862;5706;2.19
het Bildt;2006;11013;5622;5391;704;764;767;678;552;2985;2974;1203;386;5066;4762;564;621;10126;887;501;386;1;20;24;30;311;10988;4552;1386;1393;1773;2.39
De Bilt;2006;42037;19920;22117;2350;2631;2811;2514;1633;9704;12030;5718;2646;17728;18707;2560;3042;35973;6064;3915;2149;602;143;345;92;967;42026.5;18511;6637;5630;6244;2.24
Binnenmaas;2006;19636;9764;9872;1137;1154;1197;1109;851;5307;6054;2185;642;7563;10101;953;1019;18158;1478;1024;454;21;36;124;18;255;19625;7982;1797;3050;3135;2.45
Bladel;2006;19130;9725;9405;1226;1261;1296;1176;942;5313;5353;2101;462;8221;9245;755;909;17687;1443;1102;341;42;20;33;3;243;19094;7280;1656;2446;3178;2.6
Blaricum;2006;9114;4392;4722;434;538;577;504;360;1800;3340;1193;368;3441;4516;647;510;7616;1498;1081;417;43;31;69;25;249;9113;3883;1114;1324;1445;2.33
Bleiswijk;2006;10231;5205;5026;677;783;793;694;497;2730;2858;998;201;4359;5093;413;366;9043;1188;597;591;234;27;107;34;189;10304;3842;806;1264;1772;2.66
Bloemendaal;2006;16974;7986;8988;924;1240;1166;952;571;3215;5294;2377;1235;7001;7940;892;1141;14001;2973;2402;571;18;74;64;30;385;17001;7133;2371;2259;2503;2.3
Boarnsterhim;2006;19212;9667;9545;1360;1322;1199;1029;921;5417;5390;1889;685;8678;8606;923;1005;18199;1013;718;295;10;43;24;7;211;19263;8020;2310;2672;3038;2.38
Bodegraven;2006;19361;9701;9660;1338;1426;1398;1281;1070;5370;5098;1865;515;8631;9170;765;795;17191;2170;1049;1121;612;44;93;31;341;19363.5;7386;1855;2289;3242;2.6
Boekel;2006;9407;4808;4599;680;733;678;556;393;2703;2492;935;237;4223;4480;279;425;8997;410;304;106;7;7;19;1;72;9455;3308;654;1052;1602;2.76
Ten Boer;2006;7164;3597;3567;453;556;508;488;288;1966;2042;609;254;3164;3392;262;346;6766;398;283;115;0;16;21;11;67;7205;2745;642;899;1204;2.58
Bolsward;2006;9503;4642;4861;635;609;547;556;503;2550;2468;1155;480;4208;4129;493;673;8749;754;410;344;8;23;15;119;179;9551;4077;1357;1299;1421;2.28
Borger-Odoorn;2006;26303;13102;13201;1366;1670;1732;1514;1005;6683;8132;3238;963;10185;13326;1230;1562;24981;1322;997;325;7;24;53;21;220;26300;10737;2476;4129;4132;2.43
Borne;2006;20547;10243;10304;1299;1420;1447;1266;854;5295;5972;2407;587;8532;10129;797;1089;18305;2242;1375;867;6;20;17;287;537;20534;8226;2086;2800;3340;2.48
Borsele;2006;22415;11369;11046;1459;1602;1621;1451;1135;5937;6057;2365;788;9592;10774;996;1053;20909;1506;1158;348;24;28;59;31;206;22401;8815;2224;3013;3578;2.53
Boskoop;2006;15311;7709;7602;1099;1147;1023;874;781;4448;3985;1503;451;6744;7204;636;727;13388;1923;833;1090;681;18;48;23;320;15267;6110;1651;2016;2443;2.49
Boxmeer;2006;28950;14399;14551;1689;1996;1976;1777;1233;7801;8382;3194;902;12490;13764;1234;1462;25961;2989;2068;921;148;64;98;244;367;28838;11241;2767;3747;4727;2.52
Boxtel;2006;29676;14773;14903;1825;1686;1935;1966;1648;8045;8527;3096;948;12991;13634;1493;1558;25971;3705;1723;1982;511;195;193;317;766;29838.5;12085;3480;3889;4716;2.41
Breda;2006;169709;82352;87357;10305;9592;9706;9881;11739;50954;42198;18702;6632;82157;66961;11377;9214;135476;34233;17023;17210;4924;1993;2006;2806;5481;170029;78568;30803;23305;24460;2.13
Breukelen;2006;14571;7177;7394;1031;1030;909;858;664;4036;3835;1646;562;6496;6555;727;793;12892;1679;1145;534;104;26;89;23;292;14600.5;6065;1881;1849;2335;2.39
Brielle;2006;15990;7910;8080;894;937;984;917;692;4474;4830;1789;473;6359;7815;966;850;14175;1815;1264;551;14;76;73;78;310;15954;6799;1871;2358;2570;2.33
Bronckhorst;2006;37700;18730;18970;2176;2337;2565;2067;1450;9358;11149;5049;1549;15306;18614;1259;2521;35757;1943;1472;471;8;39;45;85;294;37744;14742;3355;5332;6055;2.54
Brummen;2006;21385;10621;10764;1176;1388;1381;1281;958;5494;6119;2790;798;8573;10677;872;1263;19055;2330;1301;1029;34;44;46;668;237;21307;8509;2033;3059;3417;2.48
Brunssum;2006;29623;14388;15235;1334;1540;1634;1670;1488;7958;8582;4095;1322;11422;13533;2441;2227;22369;7254;6159;1095;415;109;74;42;455;29606.5;13423;4450;4290;4683;2.18
Bunnik;2006;14234;7020;7214;891;922;995;862;529;3484;4103;1950;498;6037;6909;609;679;12779;1455;980;475;75;63;58;18;261;14197;5808;1583;1992;2233;2.43
Bunschoten;2006;19468;9777;9691;1372;1448;1484;1498;1418;5587;4621;1642;398;8433;9697;570;768;18140;1328;560;768;39;38;46;388;257;19471.5;6786;1385;1859;3542;2.85
Buren;2006;25584;12795;12789;1557;1755;1653;1575;1133;7044;7703;2513;651;10341;12794;1074;1375;24133;1451;1148;303;29;33;60;8;173;25615.5;9818;2092;3456;4270;2.59
Bussum;2006;31237;14636;16601;2021;2042;1823;1554;1261;8328;7945;4199;2064;14024;12723;2216;2274;25492;5745;3707;2038;606;129;149;255;899;31272.5;14332;5850;3953;4529;2.14
Capelle aan den IJssel;2006;65602;31712;33890;3800;3903;4091;4123;3761;18526;18286;6546;2566;29678;27251;5080;3593;47813;17789;6890;10899;584;1759;3940;738;3878;65488;28976;9903;8315;10758;2.24
Castricum;2006;35020;17151;17869;1981;2315;2410;2246;1503;8510;10117;4593;1345;15013;16364;1735;1908;31809;3211;2276;935;27;109;157;72;570;34941.5;14397;4185;4777;5435;2.4
Coevorden;2006;36135;17990;18145;2107;2235;2167;2046;1704;9483;10319;4557;1517;14708;17449;1611;2367;33385;2750;1892;858;12;37;60;119;630;36087.5;15025;4063;5285;5677;2.38
Cranendonck;2006;20133;10233;9900;1035;1219;1261;1199;929;5397;6124;2329;640;7958;10102;982;1091;17301;2832;2333;499;74;53;58;17;297;20207;8179;1997;2937;3245;2.45
Cromstrijen;2006;13049;6489;6560;763;812;812;721;615;3553;3972;1372;429;5069;6658;623;699;12195;854;596;258;5;22;55;13;163;13014.5;5278;1222;1907;2149;2.46
Cuijk;2006;24221;12205;12016;1453;1646;1579;1346;1146;7193;6651;2618;589;10594;11185;1284;1158;19805;4416;2355;2061;473;107;109;874;498;24235;9895;2689;3314;3892;2.43
Culemborg;2006;27157;13482;13675;1947;1964;1903;1696;1324;8175;7018;2384;746;12454;11985;1485;1233;21597;5560;2227;3333;1869;129;354;384;597;27167.5;10973;3116;3222;4635;2.46
Dalfsen;2006;26439;13424;13015;1803;1815;1881;1768;1291;6783;7230;3029;839;11287;13150;643;1359;25477;962;648;314;5;12;22;4;271;26490;9746;2120;3184;4442;2.7
Dantumadeel;2006;19555;9772;9783;1154;1284;1407;1421;1153;4970;5240;2114;812;8435;9279;660;1181;18982;573;400;173;7;7;17;4;138;19508;7480;1821;2392;3267;2.58
Delft;2006;95090;49710;45380;4614;4525;4701;5838;9846;30162;22813;8959;3632;51201;32636;6596;4657;68725;26365;11035;15330;1224;1490;2280;2346;7990;95234.5;50671;26332;12172;12167;1.86
Delfzijl;2006;27989;14020;13969;1387;1614;1652;1738;1413;7121;8030;3754;1280;11359;13108;1614;1908;23370;4619;2175;2444;23;501;312;686;922;27821;12158;3746;4154;4258;2.27
Deurne;2006;31853;16082;15771;1634;2036;2209;2163;1799;8530;8938;3740;804;13784;15167;1304;1598;29588;2265;1448;817;188;55;162;28;384;31847;12231;2896;4113;5222;2.55
Deventer;2006;96540;47606;48934;6329;5965;5659;5469;6450;30096;23004;9748;3820;46540;39060;5675;5265;76197;20343;8346;11997;306;483;637;6439;4132;96578.5;43635;16497;12822;14316;2.18
Diemen;2006;23834;11606;12228;1299;1457;1451;1486;1611;6809;6502;2461;758;11905;8941;1840;1148;15647;8187;2696;5491;516;493;1997;543;1942;23861;11196;4573;2889;3734;2.1
Dinkelland;2006;26092;13216;12876;1815;1892;1905;1633;1100;6808;6789;3165;985;11358;12734;477;1523;24166;1926;1612;314;0;15;8;91;200;26076.5;9384;2064;2871;4449;2.75
Dirksland;2006;8316;4135;4181;563;612;570;522;486;2240;2157;802;364;3455;4093;298;470;7970;346;229;117;5;7;23;6;76;8318.5;3190;804;1058;1328;2.57
Doesburg;2006;11539;5676;5863;679;781;758;633;524;3293;3268;1266;337;4851;5264;781;643;9333;2206;1123;1083;9;24;130;766;154;11566;4881;1435;1560;1886;2.35
Doetinchem;2006;56755;28143;28612;3461;3544;3577;3428;2788;16350;15311;6331;1965;25249;25168;3171;3167;49104;7651;4323;3328;100;156;144;1577;1351;56496.5;23977;7328;7786;8863;2.34
Dongen;2006;25558;12807;12751;1525;1663;1609;1519;1271;7200;7217;2746;808;10775;12178;1229;1376;22319;3239;1575;1664;25;74;137;780;648;25516.5;10287;2784;3348;4155;2.44
Dongeradeel;2006;25034;12539;12495;1587;1606;1727;1673;1360;6771;6424;2927;959;11276;11299;1051;1408;23198;1836;1008;828;8;55;50;24;691;24945.5;10234;3138;3195;3901;2.41
Dordrecht;2006;118821;58189;60632;7306;7329;7175;7286;7418;34795;30520;12271;4721;54349;49207;8570;6695;87514;31307;11495;19812;2516;3136;2670;6154;5336;118681;53134;19530;14991;18613;2.2
Drechterland;2006;18539;9432;9107;1154;1303;1271;1245;981;4861;5464;1793;467;8243;8810;732;754;17210;1329;961;368;18;33;62;15;240;18567.5;7113;1693;2395;3025;2.58
Drimmelen;2006;26649;13308;13341;1418;1669;1687;1707;1149;7111;8268;2859;781;10779;13399;1048;1423;25019;1630;1238;392;26;29;25;50;262;26612;10426;2251;3824;4351;2.52
Dronten;2006;38125;19350;18775;2435;2787;2869;2809;2612;10852;9282;3588;891;17272;17680;1828;1345;32791;5334;2665;2669;444;137;303;524;1261;38153.5;15376;4346;4902;6128;2.45
Druten;2006;18022;8932;9090;1159;1297;1164;1119;870;5397;4905;1725;386;8148;8351;778;745;16065;1957;992;965;35;70;76;502;282;18068;6830;1513;2288;3029;2.57
Duiven;2006;25577;12567;13010;1661;2102;2001;1611;1014;7604;6546;2445;593;11077;12144;1289;1067;22554;3023;2110;913;32;46;185;153;497;25591;9780;2111;3083;4586;2.61
Echt-Susteren;2006;32295;16113;16182;1500;1684;1870;1853;1398;8492;10250;4112;1136;12650;15762;1801;2082;26908;5387;4620;767;88;46;69;54;510;32320;13404;3502;4722;5180;2.35
Edam-Volendam;2006;28459;14294;14165;2040;1929;1771;1637;1571;8402;7885;2570;654;12354;13773;1042;1290;26546;1913;1013;900;313;14;75;22;476;28476.5;11011;2789;3174;5048;2.56
Ede;2006;107048;52358;54690;7238;7271;7311;7599;7007;29466;26229;11257;3670;47879;48708;4953;5508;92095;14953;7477;7476;2321;269;581;1989;2316;107274;42650;13090;12691;16869;2.48
Eemnes;2006;8859;4387;4472;614;613;635;575;375;2544;2533;800;170;3990;4033;535;301;7816;1043;742;301;18;39;28;26;190;8875;3492;868;1030;1594;2.53
Eemsmond;2006;16695;8511;8184;1003;1042;1156;999;792;4327;4808;1841;727;7236;7585;851;1023;15787;908;618;290;5;43;30;18;194;16702.5;6876;2020;2312;2544;2.38
Eersel;2006;18183;9252;8931;916;1152;1373;1111;885;4665;5317;2320;444;7641;8935;709;898;16954;1229;972;257;2;16;25;16;198;18112;6872;1593;2318;2961;2.58
Eijsden;2006;11723;5861;5862;625;795;803;724;471;2934;3537;1435;399;4508;6073;507;635;10251;1472;1270;202;15;5;11;10;161;11688;4572;972;1585;2015;2.54
Eindhoven;2006;209172;105649;103523;11669;10694;10534;11085;16243;67023;49700;24084;8140;102540;78676;16338;11618;153674;55498;24197;31301;5147;2419;3609;9372;10754;209435.5;103498;46054;29145;28299;2
Elburg;2006;22086;10938;11148;1539;1576;1482;1470;1364;6247;5566;2202;640;9234;10988;771;1093;20985;1101;708;393;8;30;31;31;293;22151;8218;1915;2610;3693;2.65
Emmen;2006;108589;53647;54942;6148;6635;6372;6404;5501;29865;30010;13388;4266;44978;50739;5771;7101;97304;11285;7287;3998;355;345;422;799;2077;108710.5;46090;13516;15517;17057;2.32
Enkhuizen;2006;17715;8799;8916;999;1030;1171;1093;986;5100;4918;1781;637;7898;7655;1211;951;15431;2284;1111;1173;127;47;112;389;498;17770.5;7720;2581;2410;2729;2.27
Enschede;2006;154377;78542;75835;8794;8725;8549;9574;13637;46726;36947;16101;5324;75519;60103;9828;8927;113362;41015;19129;21886;2177;815;1906;8692;8296;154426.5;73707;30991;20859;21857;2.07
Epe;2006;32978;16238;16740;1784;2000;1972;1909;1526;8205;9598;4479;1505;12977;16355;1392;2254;29436;3542;2056;1486;58;85;60;941;342;32983.5;13351;3614;4597;5140;2.44
Ermelo;2006;26251;12875;13376;1343;1640;1779;1916;1503;6414;7285;3321;1050;11456;12067;1333;1395;23981;2270;1395;875;83;61;107;156;468;26278;10436;3344;3208;3884;2.43
Etten-Leur;2006;40322;20048;20274;2441;2453;2593;2391;2165;11887;11131;4184;1077;17183;18788;2457;1894;33375;6947;3376;3571;723;248;267;833;1500;40456.5;16607;4627;5444;6536;2.4
Ferwerderadiel;2006;8976;4604;4372;647;604;564;553;485;2414;2482;911;316;4082;4066;360;468;8549;427;290;137;14;22;17;3;81;8935;3577;973;1137;1467;2.49
Franekeradeel;2006;20887;10554;10333;1334;1407;1345;1207;1122;5592;5821;2223;836;9489;9160;1027;1211;19101;1786;1014;772;79;37;73;34;549;20729;8741;2745;2762;3234;2.34
Gaasterlân-Sleat;2006;10305;5203;5102;586;662;727;665;467;2500;2770;1424;504;4368;4903;359;675;9858;447;361;86;4;25;10;0;47;10277.5;4155;1150;1450;1555;2.45
Geertruidenberg;2006;20855;10466;10389;1204;1224;1268;1116;1076;6153;5993;2202;619;8673;9984;1058;1140;19105;1750;1197;553;37;42;124;83;267;20789.5;8462;2027;2934;3501;2.43
Geldermalsen;2006;26258;13017;13241;1801;1909;1800;1638;1270;7490;7111;2536;703;11309;12628;1018;1303;24334;1924;1164;760;260;71;62;15;352;26246;10032;2317;3298;4417;2.59
Geldrop-Mierlo;2006;37738;18631;19107;2204;2377;2331;2164;1818;10371;10662;4674;1137;15737;17671;2241;2089;32513;5225;3226;1999;199;207;276;414;903;37780.5;15965;4668;5244;6053;2.35
Gemert-Bakel;2006;27913;14104;13809;1595;1788;1928;1904;1470;7718;7906;2915;689;12194;13243;1122;1354;25833;2080;1541;539;53;22;63;38;363;27901.5;10646;2507;3432;4707;2.59
Gennep;2006;16742;8589;8153;895;1005;1009;957;736;4487;5177;1927;549;7536;7496;803;907;14337;2405;1790;615;267;19;25;63;241;16802.5;6551;1768;2171;2612;2.42
Giessenlanden;2006;14497;7320;7177;929;1035;1000;964;801;3805;4090;1489;384;5971;7371;507;648;13702;795;583;212;23;26;24;13;126;14476.5;5456;1157;1895;2404;2.65
Gilze en Rijen;2006;25266;12809;12457;1480;1640;1676;1494;1246;7063;7327;2655;685;10368;12468;1215;1215;21882;3384;1780;1604;82;67;82;859;514;25321;10097;2477;3490;4130;2.48
Goedereede;2006;11631;5770;5861;786;727;700;702;653;3158;3124;1314;467;4582;6029;352;668;11144;487;329;158;12;5;42;4;95;11638.5;4435;993;1514;1928;2.6
Goes;2006;36690;17815;18875;2010;2164;2264;2149;1801;9848;9964;4450;2040;15583;16459;2280;2368;31949;4741;2619;2122;260;97;508;182;1075;36645;16054;5540;5191;5323;2.23
Goirle;2006;22146;11010;11136;1186;1248;1374;1496;1199;5512;7039;2529;563;9018;10931;1124;1073;19926;2220;1535;685;70;79;92;220;224;22115;8752;1981;3082;3689;2.49
Gorinchem;2006;34250;16833;17417;2178;2191;1990;1887;1924;10774;8354;3613;1339;15250;14695;2324;1981;26374;7876;3169;4707;1552;169;344;1737;905;34269;15007;5387;4351;5269;2.24
Gouda;2006;71386;34791;36595;4885;4537;4618;4498;3888;20971;18382;6932;2675;32802;30375;4569;3640;56378;15008;5231;9777;6228;386;888;436;1839;71169.5;30581;10593;8819;11169;2.3
Graafstroom;2006;9730;4977;4753;726;817;798;783;598;2441;2388;884;295;4349;4719;204;458;9398;332;228;104;1;8;14;1;80;9742.5;3275;639;1007;1629;2.95
Graft-De Rijp;2006;6579;3327;3252;399;497;488;358;266;1745;1927;717;182;2824;3092;325;338;6118;461;336;125;5;21;24;5;70;6585;2616;668;884;1064;2.49
Grave;2006;12868;6558;6310;794;835;831;775;614;3714;3689;1310;306;5780;5864;649;575;11077;1791;1199;592;21;22;54;44;451;12844;4915;1216;1713;1986;2.46
's-Gravendeel;2006;8944;4481;4463;580;511;458;549;514;2530;2538;936;328;3691;4377;376;500;8191;753;386;367;2;20;24;18;303;8989.5;3733;1006;1265;1462;2.4
's-Gravenhage (gemeente);2006;475627;233638;241989;30668;27027;25590;26538;32431;157809;111540;43069;20955;248876;156884;44840;25027;261045;214582;61130;153452;24916;10928;45922;32795;38891;474784;239784;117245;53456;69083;1.96
Groenlo;2006;30021;15276;14745;1858;2023;2090;1935;1387;8140;8217;3458;913;13529;13799;996;1697;27609;2412;1652;760;225;26;59;124;326;29937;11407;2695;3883;4829;2.57
Groesbeek;2006;18826;9141;9685;950;1094;1197;1149;738;4645;5589;2565;899;7749;8913;842;1322;16587;2239;1880;359;11;40;47;28;233;18866.5;7459;1939;2554;2966;2.43
Groningen (gemeente);2006;180729;89411;91318;9059;7664;6986;11655;26581;59708;38294;14560;6222;113112;47000;12356;8261;147276;33453;17079;16374;1007;3086;3165;1173;7943;181171;104288;60036;23907;20345;1.71
Grootegast;2006;12102;6178;5924;867;892;898;770;640;3446;3003;1230;356;5524;5568;421;589;11695;407;299;108;2;7;24;4;71;12125;4517;1026;1448;2043;2.65
Gulpen-Wittem;2006;14954;7509;7445;641;795;884;870;657;3700;4864;2004;539;5612;7764;637;941;12966;1988;1797;191;24;14;8;1;144;14897.5;6139;1488;2230;2421;2.41
Haaksbergen;2006;24344;12243;12101;1515;1543;1531;1451;1050;6504;6937;3058;755;10075;11991;876;1402;21474;2870;1807;1063;76;13;31;647;296;24346;9477;2227;3243;4007;2.54
Haaren;2006;13833;7011;6822;770;956;1010;877;556;3520;4214;1584;346;6026;6653;495;659;13081;752;549;203;15;21;25;6;136;13802.5;5035;1104;1760;2171;2.63
Haarlem;2006;147015;71245;75770;8932;7935;7621;7558;8403;46545;37696;15888;6437;73010;53476;11950;8579;112824;34191;15345;18846;4175;868;1973;6185;5645;146987.5;71636;31873;18784;20979;2.02
Haarlemmerliede en Spaarnwoude;2006;5489;2710;2779;281;371;418;380;241;1374;1669;604;151;2460;2510;276;243;4902;587;354;233;8;8;71;17;129;5466.5;2218;598;677;943;2.47
Haarlemmermeer;2006;135136;67379;67757;10073;9267;8556;7921;6721;43605;34804;10984;3205;62581;59560;7802;5193;107037;28099;13458;14641;2109;972;3844;1664;6052;136695.5;54818;14845;16480;23493;2.45
Haelen;2006;9980;4909;5071;485;606;660;601;393;2526;3013;1253;443;3971;4973;439;597;8862;1118;940;178;9;11;12;24;122;9942.5;3972;925;1486;1561;2.44
Halderberge;2006;29482;14747;14735;1532;1741;1778;1718;1423;7808;8994;3553;935;11372;14989;1422;1699;26108;3374;1575;1799;780;92;181;288;458;29406.5;11906;2784;4296;4826;2.45
Hardenberg;2006;57909;29257;28652;3961;4066;4157;3904;3200;16038;14576;6267;1740;25706;27435;1734;3034;54766;3143;2208;935;39;90;92;73;641;58007;21343;4896;6735;9712;2.68
Harderwijk;2006;41388;20396;20992;2745;2773;2629;2782;2425;12147;10456;4068;1363;18257;18812;2238;2081;34944;6444;2445;3999;996;80;174;1920;829;41733.5;16677;4954;4917;6806;2.45
Hardinxveld-Giessendam;2006;17775;8780;8995;1229;1268;1326;1263;1064;4935;4213;1811;666;7457;8927;456;935;16980;795;477;318;57;14;29;37;181;17734;6548;1545;2085;2918;2.71
Haren;2006;19107;9039;10068;981;1215;1317;1146;546;4011;5595;2877;1419;7672;8928;1021;1486;16836;2271;1600;671;10;47;49;39;526;18958;8356;2828;2838;2690;2.23
Harenkarspel;2006;15754;8035;7719;1078;1153;1104;967;775;4320;4579;1375;403;7455;6996;654;649;14707;1047;762;285;13;23;57;14;178;15832;6176;1651;1914;2611;2.54
Harlingen;2006;15642;7828;7814;875;886;1051;972;798;4095;4499;1770;696;6882;6720;1067;973;13823;1819;1188;631;124;28;66;53;360;15553.5;6765;2236;2167;2362;2.24
Hattem;2006;11702;5687;6015;724;758;793;733;563;2990;3195;1498;448;4636;5997;360;709;10950;752;486;266;12;13;19;49;173;11666;4655;1189;1629;1837;2.49
Heel;2006;8277;4163;4114;387;465;446;465;359;2040;2819;1047;249;3457;3978;394;448;7374;903;772;131;9;12;6;13;91;8301.5;3114;673;1194;1247;2.45
Heemskerk;2006;37423;18304;19119;1990;2174;2635;2463;2021;9770;10128;4977;1265;15996;16870;2428;2129;30834;6589;3552;3037;210;132;301;983;1411;37714.5;15791;4844;5012;5935;2.34
Heemstede;2006;25650;11985;13665;1422;1592;1585;1520;825;5358;7725;3890;1733;10679;11298;1796;1877;21377;4273;3089;1184;111;127;170;117;659;25612.5;11086;3932;3372;3782;2.23
Heerde;2006;18330;9128;9202;1100;1117;1162;1176;936;4717;5131;2217;774;7287;9347;533;1163;17036;1294;658;636;12;12;21;67;524;18171.5;7209;1867;2408;2934;2.5
Heerenveen;2006;42757;20944;21813;2475;2570;2528;2584;2200;11696;11318;5208;2178;18709;18745;2483;2820;38260;4497;2305;2192;305;131;275;481;1000;42766.5;18901;6313;6250;6338;2.24
Heerhugowaard;2006;49444;25018;24426;3613;3374;3089;3076;2737;15809;12770;3986;990;23200;21685;2882;1677;41385;8059;3869;4190;496;453;738;828;1675;49622;19667;5091;6344;8232;2.47
Heerlen;2006;91499;44992;46507;4168;4376;4876;5280;5484;25054;25917;12216;4128;38502;37789;8569;6639;66348;25151;18556;6595;2344;626;362;558;2705;91018;44309;18123;12754;13432;2.03
Heeze-Leende;2006;15150;7657;7493;802;963;1052;897;644;3621;4590;2082;499;6133;7568;622;827;13942;1208;932;276;15;24;10;13;214;15151.5;5871;1381;2042;2448;2.53
Heiloo;2006;22123;10877;11246;1327;1419;1399;1157;810;5284;6345;3425;957;8927;10742;1154;1300;19803;2320;1620;700;18;93;82;15;492;22051;9295;2748;3217;3330;2.34
Helden;2006;19589;9902;9687;1091;1262;1427;1292;849;5288;5621;2199;560;8338;9581;719;951;17721;1868;1072;796;347;11;29;280;129;19567.5;7365;1605;2514;3246;2.6
Den Helder;2006;58957;29200;29757;3134;3253;3624;3641;3390;16539;16748;6548;2080;25599;25092;4869;3397;48283;10674;5710;4964;151;1293;724;244;2552;58592;26658;9536;8070;9052;2.16
Hellendoorn;2006;36152;18088;18064;2371;2198;2205;2316;1966;9594;9947;4308;1247;15233;17617;1175;2127;34027;2125;1500;625;17;16;53;175;364;36099;13765;3230;4552;5983;2.59
Hellevoetsluis;2006;40004;19894;20110;2243;2362;2538;2635;2209;11378;12006;3474;1159;16640;18646;2839;1879;33226;6778;3651;3127;113;614;530;802;1068;39818.5;16680;4486;5475;6719;2.38
Helmond;2006;85682;42946;42736;5994;5708;5107;4835;4552;27419;21571;8241;2255;37610;37948;5973;4151;67589;18093;8548;9545;3230;636;640;2357;2682;85871.5;36445;11054;11376;14015;2.34
Hendrik-Ido-Ambacht;2006;24458;12031;12427;1747;1775;1754;1607;1158;7229;5969;2523;696;10318;11988;1021;1131;21795;2663;1522;1141;172;96;261;170;442;24641.5;9350;2062;3136;4152;2.6
Hengelo (O.);2006;81299;40297;41002;5202;5052;4820;4711;4663;23889;20486;9410;3066;36857;34911;4686;4845;64733;16566;8000;8566;211;482;423;4748;2702;81364;36219;12939;11004;12276;2.22
's-Hertogenbosch;2006;134717;66243;68474;8092;7775;7505;7586;8199;42980;34795;13769;4016;64940;53727;9333;6717;109850;24867;11550;13317;4171;936;1827;2675;3708;135182.5;61451;23246;17891;20314;2.16
Heumen;2006;16827;8321;8506;1042;1221;1264;1034;610;4283;4986;1986;401;7191;7991;907;738;14881;1946;1477;469;22;76;50;22;299;16750;6558;1551;2158;2849;2.54
Heusden;2006;43103;21717;21386;2552;2857;2951;2918;2141;12137;11952;4518;1077;18369;20722;2027;1985;38221;4882;2422;2460;328;127;157;1134;714;42993;16724;3833;5499;7392;2.56
Heythuysen;2006;12220;6144;6076;716;731;738;785;537;3235;3672;1354;452;5197;5931;513;579;10786;1434;1125;309;26;11;18;7;247;12238.5;4798;1126;1685;1987;2.48
Hillegom;2006;20317;9989;10328;1192;1151;1233;1316;1034;5575;5667;2299;850;8872;9056;1182;1207;17715;2602;1643;959;214;68;93;84;500;20306;8498;2593;2637;3268;2.35
Hilvarenbeek;2006;15069;7667;7402;918;1053;1083;946;659;4080;4305;1632;393;6431;7421;501;716;14139;930;747;183;6;14;17;5;141;15088;5713;1277;1928;2508;2.61
Hilversum;2006;83652;40417;43235;5061;4682;4501;4265;4371;24505;21420;10359;4488;38915;33229;6231;5277;66391;17261;9031;8230;2148;489;613;2218;2762;83660.5;39351;16156;11111;12084;2.09
Hof van Twente;2006;35041;17387;17654;2075;2269;2222;1933;1535;8968;9784;4793;1462;14213;17149;1223;2456;32065;2976;1930;1046;12;32;28;405;569;35089;14053;3769;4737;5547;2.48
Hoogeveen;2006;54150;26894;27256;3311;3425;3196;3422;3258;14618;14310;6495;2115;23152;25047;2596;3355;49497;4653;2938;1715;57;124;184;278;1072;54266.5;22277;6509;7156;8612;2.4
Hoogezand-Sappemeer;2006;34513;16974;17539;1945;2089;2019;1991;1766;9481;9577;4324;1321;14933;15048;2239;2293;28633;5880;2312;3568;239;348;1357;1048;576;34452.5;14979;4797;4931;5251;2.25
Hoorn;2006;67846;33384;34462;4378;4386;4252;4257;3910;20145;18486;5930;2102;32082;27466;5151;3147;54585;13261;5240;8021;1145;841;1929;1450;2656;68010;29435;9822;8414;11199;2.28
Horst aan de Maas;2006;28750;14507;14243;1724;1909;2102;1822;1256;7735;8094;3263;845;12452;13718;1109;1471;26491;2259;1622;637;59;23;58;66;431;28801;11068;2596;3719;4753;2.56
Houten;2006;44499;21945;22554;3470;3297;3506;3467;2131;13256;11457;2957;958;21484;19407;2166;1442;38895;5604;2991;2613;323;250;752;144;1144;45033.5;16667;3930;4535;8202;2.65
Huizen;2006;42091;20436;21655;2480;2591;2851;2969;2032;10971;12538;4258;1401;18271;18794;3077;1949;34421;7670;4122;3548;1246;202;267;637;1196;42009;17542;5445;5051;7046;2.38
Hulst;2006;27893;13925;13968;1431;1704;1616;1362;1011;7599;8263;3640;1267;10875;13623;1628;1767;21493;6400;5876;524;53;34;39;44;354;27953;12028;3480;4315;4233;2.28
Hunsel;2006;6203;3126;3077;363;442;469;388;235;1702;1819;652;133;2529;3171;214;289;5493;710;632;78;9;4;4;2;59;6198;2350;472;774;1104;2.63
IJsselstein;2006;33976;16609;17367;2794;2493;2327;1984;1555;11353;8125;2572;773;16145;14524;2004;1303;27581;6395;2398;3997;1330;253;1101;338;975;33985;13649;3705;4027;5917;2.47
Jacobswoude;2006;10797;5496;5301;669;674;702;706;540;2818;3268;1141;279;4640;5256;423;478;10039;758;537;221;0;20;28;2;171;10743;4215;957;1424;1834;2.55
Kampen;2006;49295;24454;24841;3668;3443;3368;3354;3269;14186;11560;4801;1646;22355;22663;1850;2427;45407;3888;1782;2106;39;101;83;1007;876;49327;19436;5710;5820;7906;2.51
Kapelle;2006;11755;5799;5956;785;819;838;728;557;3133;3187;1210;498;4792;5873;472;618;10985;770;559;211;7;26;43;10;125;11878;4513;1022;1555;1936;2.57
Katwijk;2006;60932;30325;30607;4125;4086;4343;4492;4021;17163;14856;5962;1884;26827;28803;2335;2967;55953;4979;2741;2238;360;94;174;320;1290;61021.5;22702;5721;6712;10269;2.65
Kerkrade;2006;49323;24416;24907;1965;2112;2480;2827;2569;12858;15375;6956;2181;18268;23086;4100;3869;33154;16169;14377;1792;426;216;48;216;886;49046;22891;7850;7513;7528;2.12
Kessel;2006;4255;2179;2076;263;254;281;257;188;1184;1238;465;125;1751;2132;151;221;3894;361;303;58;3;2;6;0;47;4261;1690;362;621;707;2.52
Kollumerland en Nieuwkruisland;2006;13116;6705;6411;843;822;906;851;772;3652;3416;1438;416;5942;6041;465;668;12700;416;300;116;7;10;27;2;70;13123.5;5187;1391;1685;2111;2.49
Korendijk;2006;10886;5460;5426;722;726;715;739;530;2855;3163;1116;320;4515;5405;455;511;10252;634;437;197;3;36;31;3;124;10868;4163;946;1471;1746;2.6
Krimpen aan den IJssel;2006;28783;14111;14672;1685;1834;1938;1896;1419;7127;7981;3902;1001;11624;14116;1341;1702;25302;3481;2177;1304;127;138;262;134;643;28751;11323;2827;3884;4612;2.49
Laarbeek;2006;21771;11055;10716;1311;1387;1411;1366;1101;5874;6287;2427;607;9214;10684;843;1030;20337;1434;1119;315;7;30;48;31;199;21759.5;8366;1846;2869;3651;2.57
Landerd;2006;14744;7535;7209;895;1073;999;936;746;3898;4261;1514;422;6532;6987;485;740;13866;878;597;281;10;20;27;14;210;14742.5;5405;1155;1731;2519;2.69
Landgraaf;2006;39189;19327;19862;1773;1956;2180;2295;1909;10180;12475;5096;1325;14752;19054;2746;2637;29723;9466;8431;1035;87;71;42;152;683;39027.5;17055;4914;5903;6238;2.25
Landsmeer;2006;10301;5014;5287;530;657;668;653;442;2495;3207;1297;352;4277;4930;551;543;9103;1198;776;422;19;22;130;20;231;10282.5;4246;1090;1393;1763;2.41
Langedijk;2006;25931;12933;12998;1726;1898;1834;1787;1378;7049;7381;2247;631;11809;11877;1194;1051;23511;2420;1454;966;256;109;102;49;450;25932.5;9959;2280;3249;4430;2.59
Laren (NH.);2006;11005;5121;5884;564;596;608;518;286;2178;3354;1950;951;4008;5089;833;1075;9171;1834;1438;396;9;34;45;17;291;10992;4822;1700;1626;1496;2.17
Leek;2006;18936;9386;9550;1064;1220;1308;1241;891;4987;5410;2132;683;8192;8750;960;1034;17646;1290;842;448;13;30;111;55;239;19063;7566;1964;2575;3027;2.45
Leerdam;2006;20809;10258;10551;1356;1382;1367;1400;1310;5568;5465;2134;827;8877;9700;988;1244;16542;4267;1638;2629;292;28;96;1850;363;20748.5;8178;2281;2436;3461;2.51
Leeuwarden;2006;91817;44848;46969;5008;4669;4868;5945;9182;27087;21695;9430;3933;48702;31226;6692;5197;77198;14619;6509;8110;959;840;1307;408;4596;92079.5;47018;22095;12844;12079;1.93
Leeuwarderadeel;2006;10493;5279;5214;594;719;818;756;444;2690;3134;1030;308;4580;5073;401;439;9798;695;438;257;18;29;30;11;169;10452.5;4024;881;1440;1703;2.56
Leiden;2006;118069;57542;60527;6511;5899;5833;6823;11415;40362;27519;9716;3991;65519;39666;7486;5398;87464;30605;13824;16781;4946;1335;1986;2205;6309;117777;61524;31557;14280;15687;1.89
Leiderdorp;2006;25990;12616;13374;1599;1736;1771;1551;998;7013;7365;3070;887;11117;11895;1657;1321;21237;4753;2525;2228;275;128;510;539;776;26033.5;11074;3473;3446;4155;2.33
Leidschendam-Voorburg;2006;73111;34871;38240;4064;3771;4035;3782;3144;19411;20695;10148;4061;31774;30829;5431;5077;54344;18767;10011;8756;931;864;2138;537;4286;72967.5;34647;13681;10511;10455;2.09
Lelystad;2006;71447;35491;35956;5000;4583;4532;4626;4521;21603;19880;5027;1675;33404;29289;6030;2724;52508;18939;6402;12537;1999;1564;4094;1719;3161;71849.5;30159;9210;8917;12032;2.35
Lemsterland;2006;13405;6827;6578;897;892;832;777;663;3813;3742;1401;388;5859;6212;678;656;12038;1367;822;545;52;18;74;90;311;13419.5;5563;1587;1846;2130;2.4
Leusden;2006;28889;14221;14668;1781;1851;1977;1975;1361;7468;8595;2943;938;12398;13599;1537;1355;25105;3784;2366;1418;74;135;175;47;987;28749.5;11726;3338;3632;4756;2.44
Liemeer;2006;6772;3515;3257;372;408;493;463;363;1923;2036;591;123;3370;2928;253;221;6317;455;328;127;10;10;34;0;73;6866.5;2408;616;692;1100;2.63
Liesveld;2006;9738;4878;4860;683;782;744;701;607;2596;2500;909;216;4294;4764;269;411;9295;443;297;146;41;7;14;6;78;9768.5;3491;753;1095;1643;2.79
Lingewaal;2006;10826;5430;5396;676;719;777;693;534;2966;3070;1078;313;4505;5361;450;510;10079;747;436;311;97;11;35;23;145;10846.5;4080;829;1388;1863;2.63
Lingewaard;2006;43719;21737;21982;2919;2910;2734;2607;1869;12254;12926;4346;1154;18676;21000;1886;2157;39823;3896;2937;959;48;80;133;111;587;44031.5;17110;3796;5879;7435;2.53
Lisse;2006;21877;10749;11128;1321;1369;1420;1396;1052;6027;6029;2518;745;9378;10148;1138;1213;19495;2382;1643;739;78;40;83;35;503;21926;9112;2703;2912;3497;2.39
Lith;2006;6702;3403;3299;441;483;485;437;333;1852;1906;603;162;2890;3308;218;286;6366;336;251;85;1;4;18;18;44;6709;2380;409;778;1193;2.8
Littenseradiel;2006;10825;5477;5348;773;833;802;698;463;2958;3023;930;345;5046;4838;428;513;10350;475;390;85;5;10;12;3;55;10837.5;4161;1026;1300;1835;2.58
Lochem;2006;32861;16119;16742;1775;1951;1968;1894;1125;7560;9841;4960;1787;12710;16412;1392;2347;29898;2963;1838;1125;258;50;67;348;402;32846.5;13348;3440;5010;4898;2.42
Loenen;2006;8296;4065;4231;537;613;523;413;306;2058;2486;1042;318;3431;3905;519;441;7178;1118;755;363;28;38;48;61;188;8254;3401;969;1088;1344;2.41
Loon op Zand;2006;22807;11348;11459;1335;1352;1488;1461;1128;6071;6586;2653;733;9499;10901;1085;1322;20970;1837;1167;670;26;43;91;222;288;22838.5;8977;2067;3087;3823;2.51
Lopik;2006;13908;7081;6827;1048;1123;1036;926;731;4050;3497;1178;319;6392;6494;467;555;13055;853;431;422;186;7;30;7;192;13953.5;5056;1125;1493;2438;2.75
Loppersum;2006;10926;5504;5422;628;683;764;747;546;2777;3260;1072;449;4860;4972;500;594;10294;632;458;174;2;43;21;7;101;10854;4392;1187;1460;1745;2.45
Losser;2006;22489;11245;11244;1304;1329;1409;1486;1085;5632;6757;2750;737;9188;11151;804;1346;19237;3252;2799;453;5;17;34;191;206;22487;8527;1920;2958;3649;2.58
Maarssen;2006;39563;19419;20144;2240;2346;2648;2702;2061;11125;11988;3463;990;17319;17992;2568;1684;32730;6833;3392;3441;731;267;1079;237;1127;39478;16209;4403;4963;6843;2.42
Maasbracht;2006;13624;6801;6823;655;753;801;814;601;3475;4159;1833;533;5288;6695;732;909;11748;1876;1660;216;13;7;14;12;170;13605.5;5696;1482;2029;2185;2.37
Maasbree;2006;12849;6527;6322;703;821;917;858;624;3562;3826;1251;287;5384;6488;416;561;11809;1040;851;189;22;12;12;8;135;12850.5;4854;958;1631;2265;2.63
Maasdonk;2006;11283;5651;5632;671;824;866;759;546;3020;3054;1212;331;4844;5588;330;521;10818;465;315;150;2;9;23;41;75;11287.5;3998;788;1233;1977;2.77
Maasdriel;2006;23565;11866;11699;1524;1553;1523;1431;1213;6672;6619;2288;742;10001;11311;957;1296;22061;1504;1043;461;126;20;49;9;257;23539.5;8928;1988;2831;4109;2.62
Maassluis;2006;31956;15729;16227;1798;1884;1893;1910;1777;8655;9314;3627;1098;13123;15094;1971;1768;24668;7288;2214;5074;1252;354;548;1858;1062;31761.5;13667;4166;4430;5071;2.32
Maastricht;2006;120175;57886;62289;5150;5417;5724;7525;10791;32660;32512;15249;5147;56185;47008;9427;7555;93812;26363;17570;8793;1760;533;383;1547;4570;119606.5;61413;28648;16678;16087;1.92
Margraten;2006;13524;6865;6659;625;833;948;927;524;3194;4255;1827;391;5316;6984;549;675;12034;1490;1313;177;10;18;12;11;126;13522.5;5330;1218;1923;2189;2.5
De Marne;2006;11114;5678;5436;683;623;691;652;558;2817;3315;1303;472;4811;5005;645;653;10260;854;507;347;2;12;35;16;282;10934;4795;1552;1555;1688;2.29
Marum;2006;10081;5166;4915;652;741;700;642;473;2826;2758;954;335;4510;4654;405;512;9533;548;411;137;3;12;29;6;87;10073.5;3862;875;1291;1696;2.59
Medemblik;2006;8096;4044;4052;520;566;486;462;449;2339;2215;824;235;3681;3481;493;441;6785;1311;530;781;5;52;28;365;331;7920;3526;1162;1088;1276;2.28
Meerlo-Wanssum;2006;7692;3946;3746;478;500;535;476;352;2112;2291;797;151;3226;3915;218;333;7152;540;445;95;2;5;7;12;69;7676;2924;582;1058;1284;2.62
Meerssen;2006;19762;9737;10025;948;1142;1196;1148;742;4926;6201;2777;682;7364;10162;1038;1198;17568;2194;1759;435;35;24;6;28;342;19750.5;8271;2112;3075;3084;2.35
Meijel;2006;5857;2971;2886;300;384;383;341;307;1624;1696;670;152;2382;3029;138;308;5571;286;220;66;0;3;7;0;56;5864;2206;436;777;993;2.63
Menaldumadeel;2006;13884;7031;6853;932;959;947;912;620;3709;4007;1376;422;6128;6572;497;687;13274;610;456;154;10;10;23;3;108;13846.5;5568;1443;1847;2278;2.49
Menterwolde;2006;12618;6374;6244;715;795;807;780;547;3518;3887;1185;384;5277;5954;683;704;11902;716;503;213;12;5;48;28;120;12586.5;5150;1221;1804;2125;2.44
Meppel;2006;30539;14842;15697;1988;1915;1796;1789;1634;8844;8130;3154;1289;13587;13410;1755;1787;27423;3116;1595;1521;581;60;201;31;648;30813;13237;4410;4153;4674;2.27
Middelburg (Z.);2006;46974;22898;24076;2744;2849;2922;2932;2669;12463;12825;5408;2162;20664;20535;3118;2657;39389;7585;4206;3379;255;209;496;820;1599;47120.5;21090;7792;6341;6957;2.2
Middelharnis;2006;17681;8634;9047;1029;1099;1169;1135;918;4704;4784;2021;822;7038;8777;773;1093;16736;945;647;298;6;22;75;14;181;17736.5;6959;1820;2422;2717;2.46
Midden-Delfland;2006;17435;8893;8542;1158;1303;1363;1258;890;4732;4556;1762;413;7880;8315;561;679;16094;1341;847;494;91;32;81;43;247;17485.5;6626;1586;2055;2985;2.63
Midden-Drenthe;2006;33282;16545;16737;1964;2187;2162;1957;1504;8503;9785;3924;1296;13779;16145;1393;1965;31404;1878;1471;407;9;39;59;5;295;33413.5;13456;3454;4734;5268;2.45
Mill en Sint Hubert;2006;11057;5603;5454;627;728;756;641;502;3020;3212;1238;333;4595;5568;346;548;10552;505;381;124;15;6;12;13;78;11032;4203;864;1471;1868;2.61
Millingen aan de Rijn;2006;5848;2931;2917;362;357;390;384;216;1617;1707;618;197;2457;2749;285;357;4990;858;768;90;1;8;30;0;51;5857;2348;571;789;988;2.47
Moerdijk;2006;36676;18345;18331;2137;2271;2215;2103;1687;10391;10665;4028;1179;14677;18028;1817;2154;33631;3045;1887;1158;130;70;157;342;459;36660.5;14831;3514;5375;5942;2.44
Montferland;2006;35190;17591;17599;2029;2267;2252;2092;1416;9480;10264;4360;1030;14149;17491;1420;2130;31401;3789;2968;821;13;19;84;271;434;35122;13693;3033;4771;5889;2.55
Montfoort;2006;13506;6754;6752;995;1031;944;887;698;3911;3648;1149;243;6221;6252;532;501;12435;1071;626;445;100;36;41;67;201;13490;5139;1215;1629;2295;2.62
Mook en Middelaar;2006;8016;3982;4034;472;541;541;419;247;2004;2495;1086;211;3253;3953;415;395;7027;989;782;207;4;15;19;9;160;8022.5;3329;874;1197;1258;2.4
Moordrecht;2006;8095;4065;4030;573;624;606;522;366;2316;2154;716;218;3577;3824;339;355;6515;1580;1068;512;324;24;35;11;118;8108;3051;713;932;1406;2.63
Muiden;2006;6645;3246;3399;437;455;439;389;216;1645;2036;806;222;2861;2999;451;334;5629;1016;701;315;56;27;52;26;154;6651;2789;794;897;1098;2.36
Naarden;2006;17104;8170;8934;1170;1316;1171;880;452;4173;4729;2221;992;7208;7779;1011;1106;14000;3104;2087;1017;303;76;93;38;507;17136;7213;2334;2196;2683;2.34
Neder-Betuwe;2006;22378;11125;11253;1714;1814;1872;1677;1303;5948;5522;1958;570;10074;10435;717;1152;21071;1307;937;370;158;5;33;21;153;22343.5;7691;1585;2305;3801;2.89
Nederlek;2006;14690;7197;7493;825;940;987;959;745;3932;4060;1688;554;5979;7258;609;844;13577;1113;763;350;62;26;49;17;196;14605.5;5934;1548;1995;2391;2.47
Nederweert;2006;16446;8338;8108;887;1069;1095;1064;786;4409;4764;1937;435;6744;8393;554;755;15448;998;820;178;20;28;4;1;125;16492.5;6304;1280;2215;2809;2.59
Neerijnen;2006;11775;5961;5814;893;832;821;701;603;3390;3088;1108;339;5005;5677;454;639;11084;691;449;242;103;11;12;6;110;11812.5;4365;904;1462;1999;2.68
Niedorp;2006;11793;5996;5797;777;838;837;740;559;3230;3432;1092;288;5338;5440;512;503;11031;762;518;244;13;19;21;6;185;11883.5;4540;1048;1525;1967;2.58
Nieuwegein;2006;61605;30494;31111;3649;3492;3422;3818;3827;18022;18679;5234;1462;28075;26523;4457;2550;48524;13081;5934;7147;1402;605;2394;475;2271;61485;26758;8615;8050;10093;2.29
Nieuwerkerk aan den IJssel;2006;22140;11010;11130;1450;1483;1591;1656;1189;6079;6320;1833;539;9640;10441;1210;849;19367;2773;1429;1344;315;141;354;30;504;22036.5;8619;2075;2608;3936;2.55
Nieuwkoop;2006;11122;5548;5574;708;771;787;655;538;3069;3191;1138;265;4853;5244;502;523;10158;964;551;413;172;24;40;3;174;11092;4259;998;1409;1852;2.58
Nieuw-Lekkerland;2006;9457;4824;4633;760;830;785;769;577;2499;2225;821;191;4325;4488;258;386;8881;576;375;201;29;20;19;9;124;9450.5;3242;664;1010;1568;2.91
Nijefurd;2006;10868;5404;5464;643;697;688;592;471;2713;3154;1463;447;4623;5078;512;655;10258;610;484;126;3;10;9;1;103;10877;4591;1417;1579;1595;2.35
Nijkerk;2006;38695;19351;19344;2720;2652;2544;2550;2320;11090;9975;3873;971;16614;18647;1634;1800;35154;3541;1667;1874;779;59;181;281;574;38787;14865;3712;4783;6370;2.58
Nijmegen;2006;159522;76275;83247;8390;7960;7827;9859;15733;50496;38418;15516;5323;88982;51166;11526;7848;121215;38307;19102;19205;3284;1977;1500;5044;7400;160214.5;83873;43352;19582;20939;1.87
Noord-Beveland;2006;7200;3592;3608;369;404;361;342;248;1840;2264;973;399;2691;3614;444;451;6542;658;518;140;7;7;20;10;96;7233.5;3199;929;1290;980;2.22
Noordenveld;2006;31573;15740;15833;1778;1945;2002;1808;1087;7610;9555;4434;1354;12456;15562;1584;1971;29593;1980;1341;639;28;66;132;29;384;31506;13204;3531;4932;4741;2.35
Noorder-Koggenland;2006;10553;5298;5255;682;703;724;643;480;2791;3277;959;294;4556;5009;541;447;9696;857;630;227;7;24;41;8;147;10574.5;4159;968;1468;1723;2.52
Noordoostpolder;2006;45739;23046;22693;3284;3316;3330;3118;2571;12566;11565;4191;1798;20345;21008;2066;2320;40797;4942;2301;2641;488;281;235;288;1349;45758;18113;5113;5695;7305;2.5
Noordwijk;2006;24673;12349;12324;1225;1322;1404;1506;1376;6597;7593;2759;891;11367;10535;1459;1312;21382;3291;2374;917;276;61;61;27;492;24686.5;10497;3648;3152;3697;2.26
Noordwijkerhout;2006;15166;7663;7503;848;1024;965;993;752;3872;4437;1841;434;6788;6764;856;758;13499;1667;1232;435;50;35;66;3;281;15230;6068;1813;1823;2432;2.44
Nuenen, Gerwen en Nederwetten;2006;22873;11485;11388;1218;1512;1600;1533;905;5474;7436;2670;525;9010;11623;1251;989;20436;2437;1930;507;18;36;71;24;358;22782.5;9129;2064;3302;3763;2.5
Nunspeet;2006;26583;13086;13497;1770;1862;1962;1927;1654;6905;6495;2923;1085;11389;12780;944;1470;25044;1539;853;686;104;18;50;63;451;26583;9706;2461;2931;4314;2.69
Nuth;2006;15920;7842;8078;691;862;912;899;625;3917;5065;2331;618;5812;8198;787;1123;13890;2030;1711;319;25;18;37;47;192;15882;6589;1682;2446;2461;2.36
Obdam;2006;6770;3421;3349;456;489;455;473;384;1838;1938;608;129;3199;3085;233;253;6410;360;221;139;2;17;29;0;91;6845;2556;608;811;1137;2.63
Oegstgeest;2006;21891;10457;11434;1301;1450;1581;1537;1196;5255;6020;2479;1072;9983;9450;1231;1227;17523;4368;3010;1358;68;149;208;56;877;21956.5;9195;3142;2678;3375;2.32
Oirschot;2006;17812;9031;8781;1044;1236;1253;1132;901;4646;5086;1936;578;7719;8492;708;893;16929;883;647;236;6;25;26;8;171;17832;6724;1581;2159;2984;2.62
Oisterwijk;2006;25908;12747;13161;1519;1606;1728;1708;1114;6599;7397;3311;926;11008;12207;1256;1437;23151;2757;1694;1063;142;61;88;128;644;25825.5;10440;2857;3427;4156;2.44
Oldebroek;2006;22880;11563;11317;1438;1522;1575;1991;1520;6115;5768;2292;659;9770;11432;557;1121;21916;964;555;409;34;30;37;32;276;22840;7925;1544;2381;4000;2.84
Oldenzaal;2006;31297;15652;15645;1912;1875;1996;1885;1383;8629;8807;3741;1069;13262;14739;1408;1888;26667;4630;2612;2018;14;46;42;1379;537;31356.5;12985;3750;4358;4877;2.37
Olst-Wijhe;2006;17247;8681;8566;1118;1208;1172;1055;747;4565;4830;1922;630;7502;8177;593;975;16127;1120;692;428;8;20;18;170;212;17287;6668;1585;2265;2818;2.56
Ommen;2006;17303;8707;8596;1023;1019;1120;1141;996;4434;4872;1997;701;7402;8316;583;1002;16437;866;571;295;3;14;11;17;250;17307;6686;1732;2214;2740;2.55
Onderbanken;2006;8366;4172;4194;412;497;502;533;328;2144;2582;1097;271;3155;4239;438;534;6558;1808;1644;164;56;7;12;9;80;8378.5;3410;804;1175;1431;2.44
Oosterhout;2006;52853;25996;26857;2897;3191;3411;3103;2535;14371;15419;6323;1603;21253;25579;3160;2861;44095;8758;4300;4458;1204;254;326;1491;1183;53074;22298;6309;7635;8354;2.35
Oostflakkee;2006;10233;5145;5088;591;654;601;601;502;2875;2935;1137;337;4043;5152;445;593;9737;496;338;158;2;11;26;15;104;10193.5;4106;998;1453;1655;2.47
Ooststellingwerf;2006;26125;13070;13055;1422;1667;1672;1546;1278;6799;7401;3226;1114;11010;12164;1294;1657;24488;1637;1198;439;14;34;37;20;334;26174.5;10760;2928;3764;4068;2.39
Oostzaan;2006;9200;4480;4720;562;668;592;489;368;2629;2520;1052;320;3911;4313;452;524;8270;930;544;386;30;17;88;71;180;9224;3732;929;1219;1584;2.44
Opmeer;2006;11268;5681;5587;758;811;820;747;498;3124;3067;1145;298;5161;5191;435;481;10646;622;410;212;23;20;34;10;125;11240;4311;1035;1404;1872;2.61
Opsterland;2006;29565;14808;14757;1839;2042;2002;1863;1430;7830;8250;3225;1084;12941;13720;1278;1626;28159;1406;995;411;26;30;42;11;302;29574;11704;3084;3966;4654;2.48
Oss;2006;76416;38132;38284;4481;4915;4758;4707;4040;22078;20642;8528;2267;32619;35419;4389;3989;63838;12578;5727;6851;302;223;597;4054;1675;76534;31482;8972;10070;12440;2.4
Oud-Beijerland;2006;23899;11704;12195;1512;1581;1619;1634;1239;6689;6502;2294;829;10061;11392;1247;1199;21762;2137;1372;765;97;51;169;22;426;23959;9269;2218;2960;4091;2.54
Oude IJsselstreek;2006;40214;20089;20125;2375;2590;2596;2285;1800;10764;11353;4899;1552;16662;19418;1546;2588;34931;5283;2990;2293;41;89;25;1705;433;40141;15862;3893;5380;6589;2.5
Ouder-Amstel;2006;13142;6381;6761;900;831;776;747;522;3438;3854;1473;601;5992;5602;779;769;10628;2514;1419;1095;78;83;393;56;485;13090;5656;1918;1624;2114;2.29
Ouderkerk;2006;8105;4028;4077;534;568;559;564;460;2109;2160;891;260;3407;4047;232;419;7654;451;266;185;31;9;21;1;123;8146;3036;710;961;1365;2.66
Oudewater;2006;9941;4886;5055;643;714;691;606;468;2799;2594;1057;369;4518;4414;425;584;9361;580;353;227;50;10;29;3;135;9947;3878;1059;1185;1634;2.53
Overbetuwe;2006;42737;21223;21514;2918;3135;2891;2606;1792;12152;11854;4297;1092;18452;20250;2013;2022;38473;4264;3090;1174;50;99;156;255;614;42949;16510;3730;5531;7249;2.55
Papendrecht;2006;31553;15548;16005;2003;2029;1964;1835;1662;9104;8362;3690;904;12964;15253;1793;1543;26790;4763;2584;2179;293;205;462;294;925;31478;13134;3603;4451;5080;2.39
Pekela;2006;13395;6747;6648;745;852;794;745;696;3633;3842;1553;535;5457;6201;776;961;12038;1357;860;497;2;12;42;52;389;13349.5;5748;1684;1882;2182;2.31
Pijnacker-Nootdorp;2006;41695;20905;20790;3404;3374;3211;2481;1686;13562;9524;3560;893;19576;19055;1644;1420;36021;5674;2832;2842;280;316;1042;238;966;42232;15506;3274;4831;7401;2.65
Purmerend;2006;77922;38123;39799;4666;4886;5064;4785;4157;23809;20147;7963;2445;35367;33173;5663;3719;60404;17518;6772;10746;1047;808;3645;924;4322;77938.5;33263;10240;9645;13378;2.32
Putten;2006;23173;11484;11689;1512;1596;1690;1580;1329;6139;5890;2661;776;9622;11364;933;1254;21815;1358;818;540;60;21;33;115;311;23107;8548;2098;2646;3804;2.68
Raalte;2006;37259;18654;18605;2272;2436;2631;2546;1823;9810;10359;4066;1316;16753;17413;1135;1958;35059;2200;1209;991;7;44;33;289;618;37285;14301;3547;4637;6117;2.57
Reeuwijk;2006;12756;6377;6379;798;803;923;890;602;3053;3736;1522;429;5196;6387;541;632;11788;968;612;356;52;35;43;4;222;12709;4915;1144;1703;2068;2.59
Reiderland;2006;6994;3502;3492;354;349;374;384;281;1879;2193;869;311;2727;3312;433;522;5976;1018;852;166;6;12;31;11;106;6998.5;3109;958;1097;1054;2.23
Reimerswaal;2006;21142;10642;10500;1582;1607;1507;1422;1286;5824;4783;2235;896;9159;9980;826;1177;19224;1918;1205;713;59;18;57;228;351;21125.5;8058;2152;2621;3285;2.59
Renkum;2006;31603;15113;16490;1596;1757;1945;1726;1036;7285;9230;4857;2171;12731;14316;2013;2543;27370;4233;2830;1403;44;96;122;349;792;31621.5;13969;4876;4640;4453;2.18
Renswoude;2006;4346;2165;2181;367;325;326;332;290;1214;1079;334;79;1947;2067;142;190;4171;175;130;45;1;1;5;0;38;4404.5;1555;342;469;744;2.79
Reusel-De Mierden;2006;12314;6260;6054;635;684;847;960;814;3167;3677;1195;335;5338;6020;371;585;11395;919;742;177;6;15;12;14;130;12340.5;4562;967;1491;2104;2.68
Rheden;2006;44189;21325;22864;2173;2427;2416;2434;2077;10613;12373;7095;2581;17650;20197;2802;3540;38054;6135;3881;2254;170;100;157;859;968;44069.5;20136;7290;6743;6103;2.14
Rhenen;2006;18364;9111;9253;1276;1200;1145;1054;952;4843;4931;2392;571;7629;8852;861;1022;16661;1703;1000;703;367;21;33;25;257;18504;7169;1801;2540;2828;2.53
Ridderkerk;2006;44757;21827;22930;2063;2384;2630;2579;2405;11387;12972;6572;1765;17351;22001;2475;2930;38695;6062;3364;2698;272;224;489;602;1111;44718;19340;5763;6737;6840;2.3
Rijnwaarden;2006;11066;5566;5500;669;725;694;601;514;3135;3299;1165;264;4619;5348;483;616;9777;1289;1103;186;9;9;10;53;105;11032.5;4403;983;1564;1856;2.49
Rijnwoude;2006;18863;9548;9315;1132;1244;1270;1290;1097;4818;5525;1967;520;8214;9089;713;847;17507;1356;874;482;41;63;85;23;270;18817;7199;1603;2424;3172;2.6
Rijssen-Holten;2006;36417;18037;18380;2729;2699;2698;2574;2300;9646;8463;4041;1267;15808;17821;752;2036;33978;2439;1047;1392;10;23;32;947;380;36500.5;12846;2866;3876;6104;2.81
Rijswijk (ZH.);2006;47152;22112;25040;2222;2156;2168;2181;2337;12480;13279;7244;3085;19911;19540;3917;3784;34985;12167;6838;5329;662;489;1534;414;2230;47096.5;23646;9976;7297;6373;1.97
Roerdalen;2006;10288;5170;5118;498;547;603;574;406;2653;3373;1340;294;3890;5229;579;590;8477;1811;1569;242;16;23;27;3;173;10349.5;4327;1094;1603;1630;2.35
Roermond;2006;45457;22252;23205;2516;2530;2576;2674;2614;13057;12590;5197;1703;20020;19012;3658;2767;32464;12993;6525;6468;1922;366;263;2121;1796;45457.5;20685;7582;6226;6877;2.16
Roggel en Neer;2006;8412;4347;4065;445;543;601;564;392;2188;2468;981;230;3610;4106;234;462;7833;579;477;102;10;9;5;1;77;8437.5;3296;802;1098;1396;2.52
De Ronde Venen;2006;34353;17184;17169;2086;2384;2380;2209;1608;9528;9814;3455;889;15101;15852;1830;1570;30276;4077;2329;1748;512;116;240;198;682;34459;13584;3507;4153;5924;2.51
Roosendaal;2006;77703;38479;39224;4348;4665;4799;4747;4205;22005;21059;8995;2880;32511;35770;4953;4469;61698;16005;6763;9242;3498;223;408;2227;2886;77576.5;33059;10083;10804;12172;2.32
Rotterdam;2006;588697;288275;300422;34848;32531;32711;35417;45422;187082;135294;59784;25608;304977;193912;55675;34133;321655;267042;58492;208550;36685;19403;52097;45173;55192;586377.5;295157;139173;70111;85873;1.97
Rozenburg;2006;12843;6400;6443;705;740;738;764;643;3790;3653;1475;335;5150;6141;887;665;10609;2234;1268;966;40;136;153;298;339;12761.5;5595;1685;1894;2016;2.29
Rozendaal;2006;1502;736;766;80;89;95;88;34;294;443;294;85;517;856;51;78;1302;200;151;49;0;7;13;3;26;1514.5;632;136;286;210;2.38
Rucphen;2006;22412;11258;11154;987;1236;1354;1234;1007;6254;7045;2747;548;7896;12035;1062;1419;20873;1539;1124;415;55;32;68;14;246;22410;9018;1892;3289;3837;2.48
Schagen;2006;18749;9286;9463;1053;1102;1106;1089;940;5183;5380;2196;700;8147;8304;1233;1065;16188;2561;1499;1062;16;89;159;41;757;18916;8180;2670;2680;2830;2.25
Scheemda;2006;14109;7060;7049;811;854;860;886;559;3786;4257;1557;539;5668;6958;622;861;13182;927;756;171;3;11;32;2;123;14113;5769;1455;1995;2319;2.42
Schermer;2006;4895;2509;2386;306;330;375;323;233;1253;1461;509;105;2175;2325;206;189;4623;272;200;72;1;9;11;3;48;5017;1892;444;638;810;2.59
Scherpenzeel;2006;8933;4445;4488;595;713;656;591;504;2430;2247;923;274;3870;4270;331;462;8457;476;334;142;42;10;14;1;75;8929.5;3338;833;1073;1432;2.65
Schiedam;2006;75389;37036;38353;4458;4314;4395;4312;4577;22805;19047;8203;3278;34701;30259;5674;4755;51625;23764;6137;17627;1826;1534;2473;7004;4790;75275.5;34959;13469;9837;11653;2.13
Schiermonnikoog;2006;986;493;493;52;61;48;31;45;256;307;133;53;397;453;69;67;920;66;49;17;0;5;0;0;12;966;490;207;168;115;2.01
Schijndel;2006;22935;11458;11477;1368;1428;1467;1498;1127;6433;6496;2442;676;9797;10974;1069;1095;21272;1663;1095;568;83;37;109;18;321;22923.5;8870;2044;2981;3845;2.54
Schinnen;2006;13439;6753;6686;598;755;875;792;544;3307;4301;1845;422;5025;6937;669;808;11250;2189;1900;289;21;25;9;29;205;13443.5;5582;1345;2070;2167;2.39
Schoonhoven;2006;12215;6016;6199;842;787;697;806;709;3475;3265;1233;401;5406;5617;598;594;10441;1774;712;1062;705;54;57;9;237;12202;5207;1665;1648;1894;2.33
Schouwen-Duiveland;2006;34435;16967;17468;1758;2049;2059;1924;1605;8527;9998;4727;1788;13109;17051;1969;2306;31518;2917;2136;781;23;43;82;38;595;34283.5;14658;4282;5389;4987;2.32
Sevenum;2006;7543;3827;3716;503;512;489;444;329;2099;2102;854;211;3275;3662;227;379;7100;443;359;84;3;6;5;9;61;7584;2900;635;1041;1224;2.58
Simpelveld;2006;11317;5604;5713;474;569;671;661;526;2815;3540;1650;411;4094;5841;563;819;9143;2174;2042;132;7;5;12;5;103;11318;4740;1175;1780;1785;2.34
Sint Anthonis;2006;11676;5946;5730;683;854;856;778;511;3077;3109;1396;412;5170;5578;321;607;11127;549;393;156;1;9;21;37;88;11721;4230;890;1435;1905;2.68
Sint-Michielsgestel;2006;28013;14047;13966;1647;1881;1904;1791;1275;7240;7883;3513;879;11594;13788;1146;1485;26240;1773;1182;591;30;59;125;36;341;27967;10683;2393;3664;4626;2.58
Sint-Oedenrode;2006;17047;8505;8542;1061;1162;1168;1079;805;4417;4907;1950;498;7160;8374;691;822;16030;1017;656;361;40;7;47;21;246;17109;6642;1566;2325;2751;2.56
Sittard-Geleen;2006;96648;47488;49160;4668;5321;5572;5643;4832;26405;27775;12717;3715;39322;43689;7196;6441;75917;20731;15341;5390;1933;290;298;508;2361;96446.5;43367;14639;13909;14819;2.2
Skarsterlân;2006;27067;13651;13416;1718;1847;1884;1745;1313;7017;7441;3065;1037;11937;12546;1090;1494;25675;1392;1021;371;5;34;55;20;257;27059;10779;2872;3619;4288;2.49
Sliedrecht;2006;23801;11642;12159;1515;1495;1499;1423;1460;6589;5955;2734;1131;9971;11145;1105;1580;21238;2563;1021;1542;118;108;110;592;614;23787.5;9666;2993;3084;3589;2.38
Slochteren;2006;14938;7639;7299;890;997;974;886;671;4063;4398;1523;536;6408;7035;668;827;14129;809;627;182;2;44;26;10;100;15062;6000;1480;2102;2418;2.47
Sluis;2006;24357;11915;12442;1110;1246;1412;1204;942;5879;7422;3607;1535;8838;11977;1575;1967;19143;5214;4763;451;31;36;63;44;277;24341;10984;3472;4032;3480;2.19
Smallingerland;2006;54859;27111;27748;3374;3502;3505;3496;2916;15001;14497;6597;1971;24189;24478;3113;3079;49544;5315;2827;2488;186;323;296;90;1593;54907.5;23416;7546;7465;8405;2.31
Sneek;2006;33029;16214;16815;2092;2135;2036;1951;1834;9226;8490;3899;1366;15218;13733;2080;1998;29671;3358;2110;1248;75;58;179;130;806;33067.5;14404;4905;4517;4982;2.24
Soest;2006;45217;22042;23175;2754;2938;2783;2678;2016;11887;12802;5374;1985;18999;20541;2919;2758;36841;8376;4000;4376;464;281;320;2090;1221;45288.5;19567;6515;6137;6915;2.29
Someren;2006;18118;9210;8908;1008;1271;1369;1273;846;4844;5020;2050;437;7806;8817;638;857;17119;999;720;279;52;10;17;11;189;18126;6763;1517;2155;3091;2.66
Son en Breugel;2006;15297;7576;7721;952;1053;1043;808;554;4126;3991;2273;497;6129;7524;832;812;13661;1636;1197;439;21;61;49;33;275;15301.5;6190;1470;2328;2392;2.44
Spijkenisse;2006;74506;36527;37979;4089;4245;4746;5130;4944;21274;21208;7097;1773;32441;33219;5422;3424;58008;16498;6966;9532;382;1831;3228;995;3096;74195.5;31607;9046;9807;12754;2.34
Stadskanaal;2006;34146;16815;17331;1900;2064;1993;1986;1748;8947;9332;4633;1543;13722;16087;1781;2556;31345;2801;1739;1062;37;34;129;31;831;34134.5;14598;4396;5000;5202;2.31
Staphorst;2006;15783;8086;7697;1389;1426;1312;1253;1110;4217;3334;1302;440;7634;7305;224;620;15388;395;221;174;0;3;21;1;149;15841;4953;936;1305;2712;3.17
Stede Broec;2006;21400;10797;10603;1317;1475;1463;1361;1150;5919;6203;1950;562;9200;10187;1083;930;19379;2021;1163;858;99;56;175;72;456;21372.5;8332;1930;2816;3586;2.54
Steenbergen;2006;23356;11689;11667;1267;1399;1483;1331;1051;6379;6968;2647;831;9133;11590;1208;1425;21555;1801;1189;612;56;52;152;37;315;23328.5;9537;2286;3539;3712;2.42
Steenwijkerland;2006;43122;21564;21558;2652;2832;2704;2744;2156;11276;11711;5282;1765;17944;20686;1883;2609;40378;2744;1652;1092;49;107;112;273;551;43124.5;17792;5050;5999;6743;2.41
Stein (L.);2006;26656;13282;13374;1307;1411;1474;1515;1158;6996;8544;3380;871;9773;13951;1305;1627;23029;3627;3094;533;210;23;28;2;270;26493.5;11231;2676;4236;4319;2.36
Strijen;2006;9195;4578;4617;515;629;561;537;434;2604;2686;917;312;3706;4519;450;520;8527;668;449;219;17;14;57;8;123;9162;3740;933;1261;1546;2.46
Swalmen;2006;8844;4407;4437;463;441;531;534;435;2312;2682;1101;345;3531;4298;453;562;7501;1343;1092;251;33;7;14;13;184;8817;3719;1026;1264;1429;2.35
Terneuzen;2006;55414;27426;27988;2919;3274;3368;3074;2347;14277;16264;7200;2691;21172;26669;3869;3704;43363;12051;8773;3278;234;493;241;1326;984;55341;24298;7519;8514;8265;2.25
Terschelling;2006;4729;2503;2226;231;298;233;241;348;1292;1307;571;208;2182;1994;274;279;4412;317;250;67;0;24;4;1;38;4718;2270;962;671;637;2.06
Texel;2006;13708;6791;6917;738;915;937;782;534;3475;4257;1509;561;5771;6291;869;777;12512;1196;911;285;5;19;19;3;239;13663;5913;1895;1955;2063;2.29
Teylingen;2006;34683;17261;17422;2386;2467;2385;2290;1523;9844;8891;3636;1261;15454;15864;1630;1735;30682;4001;2593;1408;201;104;218;112;773;34845.5;13408;3433;4146;5829;2.54
Tholen;2006;24892;12442;12450;1722;1872;1782;1633;1436;6794;6215;2509;929;10497;12065;1020;1310;23240;1652;1010;642;187;30;54;31;340;25023.5;9541;2439;3117;3985;2.59
Thorn;2006;2583;1270;1313;123;137;148;131;90;639;791;385;139;972;1259;123;229;2197;386;337;49;1;2;0;2;44;2583.5;1060;299;361;400;2.31
Tiel;2006;40966;20291;20675;2893;2878;2702;2535;2232;12587;10369;3570;1200;18352;18020;2531;2063;32077;8889;3499;5390;1711;166;227;2280;1006;41078.5;16795;4962;5023;6810;2.41
Tilburg;2006;200380;99067;101313;11689;11426;10905;12539;17272;61789;48789;19626;6345;100864;76183;13312;10021;157325;43055;16332;26723;4974;4095;3194;7192;7268;200819.5;93987;38856;25872;29259;2.1
Tubbergen;2006;20601;10436;10165;1544;1576;1589;1441;954;5542;5183;2187;585;9242;9837;320;1202;19711;890;733;157;0;2;5;8;142;20662.5;6955;1366;1915;3674;2.94
Twenterand;2006;33438;16906;16532;2332;2329;2177;2293;2089;9355;8647;3337;879;14330;16241;912;1955;32025;1413;1034;379;1;13;18;42;305;33449.5;12091;2515;3651;5925;2.75
Tynaarlo;2006;31977;15715;16262;1690;2012;2123;1976;1006;7406;9712;4440;1612;12899;15201;1705;2172;29882;2095;1552;543;7;72;79;13;372;31854;13089;3545;4736;4808;2.37
Tytsjerksteradiel;2006;32142;16103;16039;2011;2086;2033;1977;1580;8330;8961;3877;1287;13549;15486;1240;1867;30363;1779;1055;724;12;28;62;17;605;32232;12920;3405;4455;5060;2.45
Ubbergen;2006;9401;4596;4805;512;563;574;450;298;2374;2838;1347;445;3920;4369;483;629;8184;1217;1035;182;8;27;23;24;100;9385;4112;1326;1426;1360;2.23
Uden;2006;40201;20109;20092;2535;2568;2570;2435;1924;11687;10949;4519;1014;17675;18192;2402;1932;34447;5754;3013;2741;197;180;488;1068;808;40202;16407;4599;5411;6397;2.42
Uitgeest;2006;11915;5964;5951;793;940;795;732;556;3474;3144;1185;296;5469;5416;526;504;10743;1172;760;412;14;37;56;43;262;11988;4685;1163;1511;2011;2.53
Uithoorn;2006;26844;13203;13641;1754;1907;1748;1435;1076;7919;6873;3255;877;11677;12219;1548;1400;22233;4611;2646;1965;520;108;307;64;966;26910.5;11351;3422;3551;4378;2.35
Urk;2006;17458;8821;8637;1833;1872;1806;1755;1479;4724;2800;950;239;9205;7509;215;529;17031;427;187;240;124;3;1;2;110;17521.5;4898;891;929;3078;3.54
Utrecht (gemeente);2006;280949;135514;145435;19079;14075;12274;15631;30305;106417;53271;21567;8330;169065;83478;16903;11503;194582;86367;27845;58522;24667;2276;7198;12656;11725;284675;147737;78403;33689;35645;1.88
Utrechtse Heuvelrug;2006;48957;23646;25311;2711;3094;3077;3115;2127;11627;13655;6736;2815;20307;22596;2685;3369;42474;6483;3946;2537;669;178;240;320;1130;48901.5;20132;6164;6860;7108;2.36
Vaals;2006;10068;4999;5069;379;470;595;511;411;2528;3268;1410;496;3737;4863;713;755;4988;5080;4761;319;17;3;11;40;248;10013.5;4770;1781;1530;1459;2.07
Valkenburg aan de Geul;2006;17280;8581;8699;712;867;950;907;741;4316;5327;2567;893;6665;8237;1142;1236;14937;2343;1968;375;30;18;18;49;260;17233;7615;2460;2554;2601;2.21
Valkenswaard;2006;30924;15230;15694;1549;1757;1875;1765;1459;8160;9160;4178;1021;12372;14843;1890;1819;26951;3973;3055;918;26;145;137;41;569;30916;13324;3889;4683;4752;2.3
Veendam;2006;28185;13938;14247;1507;1632;1664;1622;1413;7714;7982;3303;1348;11283;13257;1673;1972;25122;3063;1344;1719;8;64;290;952;405;28151;12206;3557;4200;4449;2.3
Veenendaal;2006;61669;30258;31411;4458;4445;4248;4142;3882;17649;15154;5814;1877;26982;28882;2898;2907;52095;9574;3646;5928;2847;367;271;656;1787;61687.5;24298;6851;7305;10142;2.52
Veere;2006;21946;11064;10882;1141;1490;1456;1336;950;5066;6541;2960;1006;8649;11204;837;1256;20446;1500;1187;313;13;31;25;15;229;21948;8819;2329;3232;3258;2.45
Veghel;2006;36777;18443;18334;2361;2459;2475;2365;1981;10438;9815;3796;1087;16376;17265;1531;1605;31427;5350;2324;3026;551;74;340;1400;661;36754.5;14221;3500;4601;6120;2.56
Veldhoven;2006;43716;21956;21760;2437;2645;2754;2646;2226;12462;12276;5226;1044;18767;20515;2412;2022;37699;6017;3991;2026;209;133;254;87;1343;43500;18146;5087;6230;6829;2.37
Velsen;2006;67678;33333;34345;3901;4490;4480;4082;3076;18766;17634;8135;3114;29189;29838;4307;4344;57930;9748;5529;4219;512;206;297;1247;1957;67656.5;29308;9651;8795;10862;2.28
Venlo;2006;92052;45608;46444;5029;4953;5434;5532;5013;26034;25485;11141;3431;39188;40818;6304;5742;68500;23552;13520;10032;2795;177;479;3970;2611;92071.5;40609;13744;12765;14100;2.23
Venray;2006;39043;19744;19299;2326;2682;2590;2383;1820;11145;10908;4170;1019;17329;17637;2226;1851;32205;6838;3408;3430;747;201;289;1115;1078;39056;15512;4247;5039;6226;2.46
Vianen;2006;19694;9749;9945;1299;1251;1293;1204;1052;5750;5464;1916;465;8553;9195;1076;870;16883;2811;1214;1597;603;104;289;197;404;19691;7853;1928;2592;3333;2.5
Vlaardingen;2006;72553;35338;37215;3871;3881;4128;3977;4098;20263;19259;9373;3703;30566;31608;5285;5094;55675;16878;5209;11669;1496;1318;1288;4391;3176;72007;33839;12908;10028;10903;2.12
Vlagtwedde;2006;16614;8236;8378;866;888;1004;942;695;4152;4903;2345;819;6339;8098;840;1337;15266;1348;988;360;9;9;27;10;305;16607;7128;2028;2587;2513;2.31
Vlieland;2006;1127;546;581;69;68;78;41;64;350;305;110;42;546;427;87;67;1006;121;110;11;0;0;2;0;9;1132;531;219;142;170;2.09
Vlissingen;2006;45073;22354;22719;2377;2312;2537;2592;3072;12014;12458;5522;2189;19464;18988;3690;2931;35174;9899;5303;4596;922;706;799;399;1770;45048;21625;8587;6674;6364;2.06
Vlist;2006;9819;4922;4897;618;675;701;686;494;2472;2716;1120;337;4232;4724;349;514;9273;546;367;179;5;11;14;2;147;9811;3729;943;1222;1564;2.6
Voerendaal;2006;12959;6460;6499;611;709;798;772;530;3100;4151;1894;394;4737;6836;587;799;11261;1698;1471;227;17;20;14;8;168;12903.5;5385;1248;2014;2123;2.4
Voorschoten;2006;22887;11011;11876;1278;1430;1537;1438;870;5524;6576;3035;1199;9559;10595;1351;1382;18190;4697;3149;1548;246;117;239;148;798;22836;9723;2999;3161;3563;2.32
Voorst;2006;23522;11794;11728;1158;1375;1561;1644;1158;5569;7081;2967;1009;10009;11249;835;1429;21799;1723;1172;551;9;27;41;260;214;23516;8971;2156;3136;3679;2.54
Vught;2006;25235;12392;12843;1426;1602;1712;1570;1011;6726;6960;3118;1110;11305;10868;1443;1619;22184;3051;2211;840;73;80;94;64;529;25237;10206;3124;3125;3957;2.36
Waalre;2006;16487;8062;8425;965;1082;1142;985;534;3971;4695;2428;685;6462;8211;846;968;14328;2159;1550;609;30;61;104;19;395;16504;6797;1780;2450;2567;2.41
Waalwijk;2006;45762;22699;23063;2597;2641;2812;2777;2436;12970;12867;5269;1393;19072;21577;2624;2489;39661;6101;2981;3120;196;195;391;1558;780;45714.5;18851;5072;6283;7496;2.4
Waddinxveen;2006;26062;13000;13062;1580;1688;1797;1842;1442;6906;7181;2895;731;10998;12671;1223;1170;22824;3238;1526;1712;553;106;197;280;576;25979;10424;2741;3465;4218;2.49
Wageningen;2006;35315;17437;17878;1727;1698;1680;2224;3988;11644;7795;3122;1437;19863;11817;1821;1814;26694;8621;4350;4271;254;85;324;139;3469;35497.5;19539;11439;4011;4089;1.77
Wassenaar;2006;25622;12191;13431;1210;1631;1869;1620;853;5306;7666;3622;1845;10157;11943;1561;1961;18204;7418;5637;1781;84;147;175;59;1316;25615;11217;3916;3457;3844;2.26
Waterland;2006;17267;8627;8640;943;993;1185;1110;841;4161;5420;2082;532;7373;8236;790;868;15566;1701;1189;512;59;35;90;8;320;17225;7093;1936;2329;2828;2.42
Weert;2006;48575;24345;24230;2555;2883;2984;2807;2382;13310;13817;6182;1655;19877;23217;2720;2761;39645;8930;4826;4104;2060;369;157;595;923;48529.5;20385;5849;6804;7732;2.35
Weesp;2006;17533;8559;8974;974;945;883;1015;946;5176;4952;1962;680;8038;7170;1274;1051;13628;3905;1766;2139;846;100;249;344;600;17544.5;8223;3295;2358;2570;2.11
Werkendam;2006;26521;13250;13271;1697;1712;1806;1855;1541;7285;7129;2764;732;11003;13341;914;1263;25287;1234;843;391;8;41;27;30;285;26520;9901;2099;3250;4552;2.66
Wervershoof;2006;8559;4391;4168;534;619;689;549;444;2358;2263;858;245;3994;3812;363;390;8103;456;271;185;5;7;41;7;125;8543;3247;824;990;1433;2.62
West Maas en Waal;2006;18376;9170;9206;1049;1212;1193;1028;858;4988;5372;2083;593;7693;8884;711;1088;17332;1044;801;243;13;23;31;10;166;18318.5;7158;1633;2485;3040;2.54
Wester-Koggenland;2006;14189;7149;7040;958;1061;991;878;689;3859;4012;1334;407;6489;6503;499;698;13383;806;599;207;13;15;35;12;132;14241.5;5442;1341;1755;2346;2.59
Westerveld;2006;19256;9606;9650;1020;1149;1089;1100;768;4474;5750;2936;970;7332;9690;859;1375;18142;1114;788;326;4;37;41;5;239;19271.5;8050;2229;3102;2719;2.35
Westervoort;2006;15730;7843;7887;840;948;1237;1266;884;4222;4743;1274;316;6842;7245;998;645;13317;2413;1495;918;87;64;167;202;398;15664.5;6207;1519;1797;2891;2.53
Westland;2006;98328;49152;49176;6035;6469;7044;6729;5130;27328;26189;10272;3132;42982;46679;4077;4590;89682;8646;4640;4006;1331;183;583;404;1505;98598.5;37910;9133;12421;16356;2.56
Weststellingwerf;2006;25507;12769;12738;1458;1556;1518;1492;1220;6534;7197;3348;1184;10592;12023;1248;1644;23760;1747;1029;718;173;133;58;16;338;25503.5;10763;3068;3784;3911;2.35
Westvoorne;2006;14224;7016;7208;666;818;935;819;563;3346;4458;1868;751;5248;7290;697;989;12970;1254;932;322;12;62;40;18;190;14176;5960;1535;2217;2208;2.36
Wierden;2006;23540;11852;11688;1511;1581;1595;1606;1272;6192;6464;2703;616;9823;11873;540;1304;21934;1606;1217;389;25;13;16;160;175;23489.5;8684;1874;2785;4025;2.7
Wieringen;2006;8693;4361;4332;535;485;495;489;456;2325;2470;1064;374;3531;4048;532;582;8095;598;434;164;2;16;15;6;125;8700;3730;1082;1309;1339;2.31
Wieringermeer;2006;12555;6335;6220;830;860;788;769;612;3416;3510;1377;393;5293;6029;591;642;11543;1012;688;324;4;49;39;10;222;12611.5;5067;1253;1752;2062;2.47
Wijchen;2006;39509;19539;19970;2554;2717;2636;2439;1841;11390;11070;3815;1047;17290;18351;1991;1877;35253;4256;2829;1427;168;167;246;245;601;39494;15587;3839;4918;6830;2.51
Wijdemeren;2006;23435;11475;11960;1385;1484;1461;1282;791;5865;7160;2971;1036;9492;11074;1454;1415;20897;2538;1882;656;55;87;74;27;413;23503;9790;2758;3312;3720;2.37
Wijk bij Duurstede;2006;23464;11631;11833;1505;1615;1742;1657;1211;6632;6860;1777;465;10587;10782;1258;837;21037;2427;1498;929;194;115;148;31;441;23415;9111;2193;2813;4105;2.56
Winschoten;2006;18501;8899;9602;899;957;984;1002;901;4870;5134;2634;1120;7454;8081;1346;1620;16302;2199;1443;756;29;37;148;70;472;18488.5;8561;3108;2803;2650;2.11
Winsum;2006;14021;6936;7085;901;969;993;926;618;3558;4194;1384;478;6241;6434;642;704;13156;865;576;289;2;50;29;2;206;14012;5614;1517;1830;2267;2.46
Winterswijk;2006;29137;14481;14656;1816;1824;1835;1641;1416;7700;7885;3662;1358;12445;13484;1254;1954;25078;4059;2662;1397;187;31;46;435;698;29193;12028;3582;3913;4533;2.39
Woensdrecht;2006;21141;10602;10539;1044;1221;1224;1146;887;5674;6566;2639;740;7669;11086;1125;1261;17263;3878;3390;488;27;46;72;75;268;21319;8739;2028;3421;3290;2.39
Woerden;2006;47912;23710;24202;3434;3341;3169;3053;2491;14065;12531;4506;1322;21954;21540;2258;2160;42042;5870;3029;2841;1179;145;435;138;944;47964;18973;5198;5846;7929;2.5
Wognum;2006;8192;4237;3955;546;538;604;583;425;2122;2406;763;205;3935;3630;279;348;7756;436;293;143;5;22;22;6;88;8210.5;2931;664;904;1363;2.68
De Wolden;2006;23787;11916;11871;1391;1647;1568;1491;989;5829;6817;3051;1004;9633;11875;800;1479;22857;930;705;225;8;12;31;2;172;23694.5;9374;2247;3338;3789;2.52
Wormerland;2006;15796;7875;7921;948;1087;1059;902;642;4402;4367;1908;481;6758;7443;793;802;14125;1671;971;700;28;31;138;175;328;15826;6453;1719;2138;2596;2.43
Woudenberg;2006;11211;5607;5604;774;861;815;730;567;3037;2907;1193;327;4898;5379;408;526;10394;817;474;343;36;38;29;16;224;11307;4173;1025;1315;1833;2.64
Woudrichem;2006;14390;7203;7187;941;927;958;891;845;4013;3919;1385;511;5994;7144;539;713;13664;726;559;167;6;12;26;2;121;14359;5347;1137;1713;2497;2.66
Wûnseradiel;2006;11891;6052;5839;781;838;829;774;572;3126;3419;1188;364;5352;5425;540;574;11167;724;541;183;3;9;16;14;141;11894;4737;1299;1541;1897;2.48
Wymbritseradiel;2006;16213;8261;7952;1113;1212;1172;1092;718;4258;4614;1601;433;7273;7679;557;704;15510;703;525;178;5;12;15;4;142;16188;6311;1564;2104;2643;2.56
Zaanstad;2006;140270;69166;71104;8719;8722;8321;7880;7231;42393;36923;14792;5289;62442;60332;9933;7563;106675;33595;11935;21660;1728;737;4077;10226;4892;140836;61129;19967;18120;23042;2.27
Zaltbommel;2006;26191;13065;13126;2008;1953;1848;1690;1365;7373;6668;2530;756;11468;12413;1045;1265;23913;2278;1090;1188;688;45;56;19;380;26192.5;9660;2234;2995;4431;2.69
Zandvoort;2006;16651;7942;8709;811;789;828;772;666;4485;5131;2141;1028;7119;6596;1643;1293;13621;3030;2089;941;121;85;115;82;538;16625;8136;3433;2363;2340;2
Zederik;2006;13499;6756;6743;851;991;1019;950;831;3497;3537;1353;470;5799;6634;367;699;13013;486;315;171;8;5;20;7;131;13483;4844;1045;1545;2254;2.76
Zeevang;2006;6274;3151;3123;366;474;480;329;245;1589;2034;612;145;2608;3134;274;258;5724;550;406;144;2;16;27;20;79;6296;2467;531;914;1022;2.54
Zeewolde;2006;19421;9893;9528;1593;1769;1763;1379;851;6293;4255;1281;237;9113;8863;1020;425;17321;2100;1430;670;58;71;111;28;402;19562.5;7074;1518;2006;3550;2.74
Zeist;2006;60369;28968;31401;3631;3575;3455;3679;3448;16022;16061;7192;3306;28109;24507;3965;3788;47825;12544;5852;6692;3052;409;871;484;1876;60347.5;27276;10997;7976;8303;2.13
Zevenaar;2006;31680;15572;16108;1747;1783;1970;1717;1394;8534;9596;3964;975;12868;15120;1823;1869;27114;4566;3312;1254;46;79;227;466;436;31782;13506;3885;4677;4944;2.33
Zevenhuizen-Moerkapelle;2006;10325;5058;5267;648;696;798;785;509;2676;2732;1081;400;4391;5001;401;532;9549;776;512;264;55;19;44;19;127;10347;3815;875;1278;1662;2.65
Zijpe;2006;11558;5848;5710;695;744;756;658;541;2915;3677;1244;328;4884;5491;639;544;10639;919;715;204;4;17;20;17;146;11558;4665;1184;1638;1843;2.47
Zoetermeer;2006;116979;57296;59683;6615;7025;8053;8693;7269;32261;33919;9961;3183;53724;49153;8958;5144;86190;30789;12932;17857;1414;2180;7622;744;5897;117501.5;49442;15042;14167;20233;2.35
Zoeterwoude;2006;8501;4219;4282;431;558;624;640;416;2205;2511;879;237;3914;3859;337;391;7715;786;483;303;13;17;69;56;148;8450.5;3113;713;997;1403;2.6
Zuidhorn;2006;18459;9213;9246;1255;1403;1409;1246;800;4863;5160;1687;636;8195;8609;757;898;17433;1026;749;277;1;16;44;13;203;18462;7082;1750;2322;3010;2.58
Zundert;2006;20797;10609;10188;994;1349;1400;1203;1035;5556;6037;2505;718;8436;10454;757;1150;18125;2672;2274;398;212;19;28;12;127;20823;8266;2023;2971;3272;2.49
Zutphen;2006;46642;22729;23913;2962;3048;2915;2770;2313;13472;12756;4585;1821;21497;19099;3506;2540;39450;7192;4005;3187;278;160;279;1458;1012;46638.5;20125;6621;6192;7312;2.28
Zwartewaterland;2006;21872;11023;10849;1781;1870;1676;1627;1404;5912;5234;1797;571;9777;10692;502;901;21010;862;556;306;12;28;32;12;222;21895.5;7711;1711;2254;3746;2.83
Zwijndrecht;2006;44588;21755;22833;2297;2552;2818;2729;2518;11879;12116;5785;1894;18142;20920;2738;2788;36874;7714;3266;4448;725;531;625;1210;1357;44494;19325;6047;6338;6940;2.29
Zwolle;2006;113078;54875;58203;7694;6767;6474;6943;8156;36458;26227;10365;3994;56782;44246;6546;5504;96103;16975;7376;9599;628;1363;1156;2468;3984;113856.5;51465;20253;14677;16535;2.16
© Centraal Bureau voor de Statistiek, Den Haag/Heerlen 24-9-2015;;;;;;;;;;;;;;;;;;;;;;;;;;;;;;;;
